deltaI,lambda,I,eps,sigma,n,frac_fired,frac_peeled,frac_early,mean_t_peel,mean_W_peel,mean_t_fire,det_t_peel,det_W_peel,pred_sigma,T_phys
0.01,0.008,0.3016666666666667,0.01,0.0,800,0.0,1.0,0.0,35.365,0.0003263341967434254,nan,35.365,0.0003263341967434253,0.005656854249492381,46.415888336127786
0.01,0.008,0.3016666666666667,0.01,0.006,800,0.2975,0.97375,0.215,34.98933247753531,0.00043379634100425556,43.021376050420166,35.365,0.0003263341967434253,0.005656854249492381,46.415888336127786
0.01,0.008,0.3016666666666667,0.01,0.01,800,0.42,0.91625,0.34125,33.05647339699863,0.0008432531566175182,41.370104166666664,35.365,0.0003263341967434253,0.005656854249492381,46.415888336127786
0.01,0.008,0.3016666666666667,0.01,0.014,800,0.4825,0.92,0.46875,30.18234375,0.004486317588620482,39.09068005181348,35.365,0.0003263341967434253,0.005656854249492381,46.415888336127786
0.01,0.008,0.3016666666666667,0.01,0.018,800,0.535,0.90875,0.58875,25.653751719394773,0.010067518811917139,37.24995911214954,35.365,0.0003263341967434253,0.005656854249492381,46.415888336127786
0.01,0.008,0.3016666666666667,0.01,0.024,800,0.635,0.925,0.71,20.189665540540542,0.019685347714003442,34.961215551181105,35.365,0.0003263341967434253,0.005656854249492381,46.415888336127786
0.01,0.008,0.3016666666666667,0.01,0.032,800,0.7,0.95625,0.78375,16.553787581699346,0.030337077659228398,32.74969196428572,35.365,0.0003263341967434253,0.005656854249492381,46.415888336127786
0.01,0.008,0.3016666666666667,0.01,0.045,800,0.8225,0.975,0.87,12.469743589743592,0.044021987185496284,28.660205167173253,35.365,0.0003263341967434253,0.005656854249492381,46.415888336127786
0.01,0.008,0.3016666666666667,0.01,0.06,800,0.8775,0.98,0.92125,9.284225127551021,0.0547012034408516,25.549943019943022,35.365,0.0003263341967434253,0.005656854249492381,46.415888336127786
0.01,0.008,0.3016666666666667,0.01,0.075,800,0.915,0.99,0.93875,7.41022095959596,0.06615801301781131,22.513353825136615,35.365,0.0003263341967434253,0.005656854249492381,46.415888336127786
0.01,0.008,0.3016666666666667,0.01,0.09,800,0.93875,0.99625,0.96375,5.981885194479298,0.07084153219104504,20.863265645805594,35.365,0.0003263341967434253,0.005656854249492381,46.415888336127786
0.01,0.008,0.3016666666666667,0.01,0.11,800,0.97125,0.995,0.97375,4.680056532663317,0.07646747013349431,18.7254407979408,35.365,0.0003263341967434253,0.005656854249492381,46.415888336127786
0.01,0.008,0.3016666666666667,0.015,0.0,800,0.0,1.0,0.0,28.712499999999995,0.00037313113858943996,nan,28.712500000000002,0.00037313113858944,0.00692820323027551,40.54801330382267
0.01,0.008,0.3016666666666667,0.015,0.006,800,0.22375,0.99625,0.14375,28.607688205771645,0.00046718871293620215,37.97632681564246,28.712500000000002,0.00037313113858944,0.00692820323027551,40.54801330382267
0.01,0.008,0.3016666666666667,0.015,0.01,800,0.3525,0.95625,0.31375,27.955022875816994,0.0005259033071197988,36.147774822695034,28.712500000000002,0.00037313113858944,0.00692820323027551,40.54801330382267
0.01,0.008,0.3016666666666667,0.015,0.014,800,0.43625,0.93875,0.43875,26.249484021304927,0.0016253091749595142,34.69758595988539,28.712500000000002,0.00037313113858944,0.00692820323027551,40.54801330382267
0.01,0.008,0.3016666666666667,0.015,0.018,800,0.49875,0.93875,0.52125,24.39451398135819,0.003742524445192457,33.51086466165414,28.712500000000002,0.00037313113858944,0.00692820323027551,40.54801330382267
0.01,0.008,0.3016666666666667,0.015,0.024,800,0.5925,0.93875,0.585,21.47639813581891,0.00817712428803859,31.739240506329118,28.712500000000002,0.00037313113858944,0.00692820323027551,40.54801330382267
0.01,0.008,0.3016666666666667,0.015,0.032,800,0.6375,0.9575,0.71125,17.449304830287204,0.018761487294556806,29.32404411764706,28.712500000000002,0.00037313113858944,0.00692820323027551,40.54801330382267
0.01,0.008,0.3016666666666667,0.015,0.045,800,0.7575,0.97125,0.80375,13.484459459459458,0.03180997271795266,26.760676567656766,28.712500000000002,0.00037313113858944,0.00692820323027551,40.54801330382267
0.01,0.008,0.3016666666666667,0.015,0.06,800,0.82875,0.98375,0.90125,9.2862166454892,0.048434635858013754,23.989185520361993,28.712500000000002,0.00037313113858944,0.00692820323027551,40.54801330382267
0.01,0.008,0.3016666666666667,0.015,0.075,800,0.88625,0.98875,0.8925,8.552996207332491,0.05281815385254248,22.407450634696758,28.712500000000002,0.00037313113858944,0.00692820323027551,40.54801330382267
0.01,0.008,0.3016666666666667,0.015,0.09,800,0.92625,0.99125,0.9175,7.151040353089533,0.05829728168529062,20.61873819163293,28.712500000000002,0.00037313113858944,0.00692820323027551,40.54801330382267
0.01,0.008,0.3016666666666667,0.015,0.11,800,0.9525,0.9975,0.95625,5.768054511278196,0.0648750103048115,18.42452099737533,28.712500000000002,0.00037313113858944,0.00692820323027551,40.54801330382267
0.01,0.008,0.3016666666666667,0.02,0.0,800,0.0,1.0,0.0,24.77,0.0004851290314965145,nan,24.77,0.00048512903149651443,0.008000000000000002,36.84031498640386
0.01,0.008,0.3016666666666667,0.02,0.006,800,0.1375,0.99875,0.1025,24.85979662077597,0.0005206568846100654,34.58052272727273,24.77,0.00048512903149651443,0.008000000000000002,36.84031498640386
0.01,0.008,0.3016666666666667,0.02,0.01,800,0.28625,0.98125,0.24,24.679133757961786,0.0005845480120224368,33.0846288209607,24.77,0.00048512903149651443,0.008000000000000002,36.84031498640386
0.01,0.008,0.3016666666666667,0.02,0.014,800,0.4075,0.95625,0.34875,23.849813725490193,0.0009277276277756619,31.54490797546012,24.77,0.00048512903149651443,0.008000000000000002,36.84031498640386
0.01,0.008,0.3016666666666667,0.02,0.018,800,0.465,0.955,0.405,23.018835078534032,0.0015504409480710196,30.571754032258063,24.77,0.00048512903149651443,0.008000000000000002,36.84031498640386
0.01,0.008,0.3016666666666667,0.02,0.024,800,0.55125,0.9625,0.5325,20.417912337662337,0.005184030610525569,29.289455782312928,24.77,0.00048512903149651443,0.008000000000000002,36.84031498640386
0.01,0.008,0.3016666666666667,0.02,0.032,800,0.64,0.9425,0.63375,17.231518567639256,0.011348328419126856,27.363857421875,24.77,0.00048512903149651443,0.008000000000000002,36.84031498640386
0.01,0.008,0.3016666666666667,0.02,0.045,800,0.7425,0.965,0.755,13.63470207253886,0.02487793728513538,25.08815235690236,24.77,0.00048512903149651443,0.008000000000000002,36.84031498640386
0.01,0.008,0.3016666666666667,0.02,0.06,800,0.81625,0.985,0.85375,10.428137690355332,0.035687074279516645,22.76289816232772,24.77,0.00048512903149651443,0.008000000000000002,36.84031498640386
0.01,0.008,0.3016666666666667,0.02,0.075,800,0.8525,0.98375,0.8775,8.668973951715374,0.046075363319628485,21.312994868035194,24.77,0.00048512903149651443,0.008000000000000002,36.84031498640386
0.01,0.008,0.3016666666666667,0.02,0.09,800,0.9075,0.99125,0.92,7.124791929382095,0.0514747507435292,19.33086776859504,24.77,0.00048512903149651443,0.008000000000000002,36.84031498640386
0.01,0.008,0.3016666666666667,0.02,0.11,800,0.9375,0.99625,0.9425,6.065577164366373,0.05790973278930278,18.110066666666665,24.77,0.00048512903149651443,0.008000000000000002,36.84031498640386
0.01,0.008,0.3016666666666667,0.03,0.0,800,0.0,1.0,0.0,20.115000000000006,0.0005456112784984082,nan,20.115000000000002,0.0005456112784984084,0.009797958971132713,32.18297948685432
0.01,0.008,0.3016666666666667,0.03,0.006,800,0.0,1.0,0.06,20.202671875,0.0006312152404949261,nan,20.115000000000002,0.0005456112784984084,0.009797958971132713,32.18297948685432
0.01,0.008,0.3016666666666667,0.03,0.01,800,0.15875,0.99875,0.19875,20.16883291614518,0.0007694353701476869,29.126437007874014,20.115000000000002,0.0005456112784984084,0.009797958971132713,32.18297948685432
0.01,0.008,0.3016666666666667,0.03,0.014,800,0.2775,0.985,0.28,20.00466687817259,0.0007939788556525952,28.07033783783784,20.115000000000002,0.0005456112784984084,0.009797958971132713,32.18297948685432
0.01,0.008,0.3016666666666667,0.03,0.018,800,0.34375,0.97875,0.39125,19.351347381864624,0.001493576014719984,26.855672727272726,20.115000000000002,0.0005456112784984084,0.009797958971132713,32.18297948685432
0.01,0.008,0.3016666666666667,0.03,0.024,800,0.4225,0.95625,0.4175,18.582493464052288,0.0026509807898892827,26.284008875739648,20.115000000000002,0.0005456112784984084,0.009797958971132713,32.18297948685432
0.01,0.008,0.3016666666666667,0.03,0.032,800,0.5675,0.96625,0.54875,16.55159120310479,0.005946391075246398,24.55840859030837,20.115000000000002,0.0005456112784984084,0.009797958971132713,32.18297948685432
0.01,0.008,0.3016666666666667,0.03,0.045,800,0.65125,0.95625,0.6575,13.470830065359479,0.015512176462078787,22.807202495201537,20.115000000000002,0.0005456112784984084,0.009797958971132713,32.18297948685432
0.01,0.008,0.3016666666666667,0.03,0.06,800,0.76875,0.98375,0.75375,11.333081321473951,0.02478421642957794,21.498569105691058,20.115000000000002,0.0005456112784984084,0.009797958971132713,32.18297948685432
0.01,0.008,0.3016666666666667,0.03,0.075,800,0.80625,0.98375,0.82375,9.016114993646761,0.0349065334928096,19.537631782945738,20.115000000000002,0.0005456112784984084,0.009797958971132713,32.18297948685432
0.01,0.008,0.3016666666666667,0.03,0.09,800,0.855,0.99125,0.86125,7.634650063051702,0.04387882968060457,18.343296783625732,20.115000000000002,0.0005456112784984084,0.009797958971132713,32.18297948685432
0.01,0.008,0.3016666666666667,0.03,0.11,800,0.90875,0.99125,0.90875,6.0197288776796976,0.05100559376080011,16.486213892709763,20.115000000000002,0.0005456112784984084,0.009797958971132713,32.18297948685432
0.01,0.008,0.3016666666666667,0.04,0.0,800,0.0,1.0,0.0,17.362500000000004,0.0007476314493142718,nan,17.3625,0.0007476314493142718,0.011313708498984762,29.24017738212866
0.01,0.008,0.3016666666666667,0.04,0.006,800,0.0,1.0,0.0325,17.378834375,0.0007223483084411334,nan,17.3625,0.0007476314493142718,0.011313708498984762,29.24017738212866
0.01,0.008,0.3016666666666667,0.04,0.01,800,0.075,0.99625,0.16125,17.430373274780425,0.0008751383153462998,26.668250000000004,17.3625,0.0007476314493142718,0.011313708498984762,29.24017738212866
0.01,0.008,0.3016666666666667,0.04,0.014,800,0.15,0.98625,0.26125,17.433700887198988,0.0012180573735955773,25.81152083333333,17.3625,0.0007476314493142718,0.011313708498984762,29.24017738212866
0.01,0.008,0.3016666666666667,0.04,0.018,800,0.27125,0.9725,0.28125,17.353348329048845,0.0009375995287534204,25.14510368663594,17.3625,0.0007476314493142718,0.011313708498984762,29.24017738212866
0.01,0.008,0.3016666666666667,0.04,0.024,800,0.32625,0.9625,0.37125,16.87146103896104,0.0026802048013610563,23.821599616858236,17.3625,0.0007476314493142718,0.011313708498984762,29.24017738212866
0.01,0.008,0.3016666666666667,0.04,0.032,800,0.44625,0.9725,0.50125,15.260459511568124,0.0027393082913910283,22.32517507002801,17.3625,0.0007476314493142718,0.011313708498984762,29.24017738212866
0.01,0.008,0.3016666666666667,0.04,0.045,800,0.55625,0.96625,0.5875,13.0945957309185,0.01068340740216462,21.082573033707867,17.3625,0.0007476314493142718,0.011313708498984762,29.24017738212866
0.01,0.008,0.3016666666666667,0.04,0.06,800,0.6575,0.975,0.68375,11.22055448717949,0.01817795030996106,20.166725285171108,17.3625,0.0007476314493142718,0.011313708498984762,29.24017738212866
0.01,0.008,0.3016666666666667,0.04,0.075,800,0.72125,0.98375,0.785,8.952944726810674,0.027559551154348477,18.464215771230503,17.3625,0.0007476314493142718,0.011313708498984762,29.24017738212866
0.01,0.008,0.3016666666666667,0.04,0.09,800,0.8075,0.98125,0.8125,7.816726114649681,0.03293960107671954,17.419400154798762,17.3625,0.0007476314493142718,0.011313708498984762,29.24017738212866
0.01,0.008,0.3016666666666667,0.04,0.11,800,0.86375,0.98875,0.87125,6.385527812895069,0.04292989810038302,16.051128798842257,17.3625,0.0007476314493142718,0.011313708498984762,29.24017738212866
0.01,0.008,0.3016666666666667,0.06,0.0,800,0.0,1.0,0.0,14.112500000000002,0.0008372702309840049,nan,14.1125,0.0008372702309840048,0.01385640646055102,25.543647746451768
0.01,0.008,0.3016666666666667,0.06,0.006,800,0.0,1.0,0.0125,14.125290625,0.0008467117831125504,nan,14.1125,0.0008372702309840048,0.01385640646055102,25.543647746451768
0.01,0.008,0.3016666666666667,0.06,0.01,800,0.00375,0.9975,0.1,14.214464285714286,0.0009922023104522084,21.825000000000003,14.1125,0.0008372702309840048,0.01385640646055102,25.543647746451768
0.01,0.008,0.3016666666666667,0.06,0.014,800,0.03875,0.9875,0.2175,14.157265822784812,0.0012741042715431123,22.370725806451613,14.1125,0.0008372702309840048,0.01385640646055102,25.543647746451768
0.01,0.008,0.3016666666666667,0.06,0.018,800,0.0875,0.98875,0.255,14.222098609355246,0.001370940292985063,21.708214285714284,14.1125,0.0008372702309840048,0.01385640646055102,25.543647746451768
0.01,0.008,0.3016666666666667,0.06,0.024,800,0.17,0.97875,0.31625,14.205743933588762,0.0013062377060838162,21.157408088235297,14.1125,0.0008372702309840048,0.01385640646055102,25.543647746451768
0.01,0.008,0.3016666666666667,0.06,0.032,800,0.27375,0.97,0.40625,13.603208762886599,0.001795855110026677,20.250057077625573,14.1125,0.0008372702309840048,0.01385640646055102,25.543647746451768
0.01,0.008,0.3016666666666667,0.06,0.045,800,0.45625,0.98,0.55125,12.047455357142859,0.003918476422675322,18.783993150684935,14.1125,0.0008372702309840048,0.01385640646055102,25.543647746451768
0.01,0.008,0.3016666666666667,0.06,0.06,800,0.53625,0.97875,0.6075,10.71078544061303,0.010871954083163535,17.95561188811189,14.1125,0.0008372702309840048,0.01385640646055102,25.543647746451768
0.01,0.008,0.3016666666666667,0.06,0.075,800,0.63375,0.98,0.705,9.158638392857142,0.01711834673754979,16.646523668639055,14.1125,0.0008372702309840048,0.01385640646055102,25.543647746451768
0.01,0.008,0.3016666666666667,0.06,0.09,800,0.7025,0.98375,0.75625,7.903722998729353,0.025614921702739765,15.853830071174379,14.1125,0.0008372702309840048,0.01385640646055102,25.543647746451768
0.01,0.008,0.3016666666666667,0.06,0.11,800,0.80125,0.98625,0.7975,6.8165177439797215,0.031727963172090236,15.118420436817475,14.1125,0.0008372702309840048,0.01385640646055102,25.543647746451768
0.01,0.008,0.3016666666666667,0.08,0.0,800,0.0,1.0,0.0,12.19,0.0009518973783134071,nan,12.19,0.0009518973783134073,0.016000000000000004,23.207944168063893
0.01,0.008,0.3016666666666667,0.08,0.006,800,0.0,1.0,0.0075,12.201184375,0.0009571889112199106,nan,12.19,0.0009518973783134073,0.016000000000000004,23.207944168063893
0.01,0.008,0.3016666666666667,0.08,0.01,800,0.0,0.99875,0.0675,12.221342302878599,0.0011050048248052934,nan,12.19,0.0009518973783134073,0.016000000000000004,23.207944168063893
0.01,0.008,0.3016666666666667,0.08,0.014,800,0.005,0.99125,0.15,12.287487389659521,0.0014084497262567906,20.283125000000002,12.19,0.0009518973783134073,0.016000000000000004,23.207944168063893
0.01,0.008,0.3016666666666667,0.08,0.018,800,0.01125,0.9875,0.21125,12.47898101265823,0.0021656615401617965,19.242222222222225,12.19,0.0009518973783134073,0.016000000000000004,23.207944168063893
0.01,0.008,0.3016666666666667,0.08,0.024,800,0.05625,0.98375,0.27625,12.39201080050826,0.0020550613703190436,19.38361111111111,12.19,0.0009518973783134073,0.016000000000000004,23.207944168063893
0.01,0.008,0.3016666666666667,0.08,0.032,800,0.14875,0.9825,0.36,12.173361959287533,0.0024655835908497527,18.755672268907563,12.19,0.0009518973783134073,0.016000000000000004,23.207944168063893
0.01,0.008,0.3016666666666667,0.08,0.045,800,0.32125,0.98,0.4425,11.478485331632653,0.0033858014301816762,17.484941634241245,12.19,0.0009518973783134073,0.016000000000000004,23.207944168063893
0.01,0.008,0.3016666666666667,0.08,0.06,800,0.4575,0.985,0.57625,10.1801269035533,0.007367114001485788,16.627158469945353,12.19,0.0009518973783134073,0.016000000000000004,23.207944168063893
0.01,0.008,0.3016666666666667,0.08,0.075,800,0.575,0.97625,0.63,8.888460307298335,0.015476274824333171,15.823961956521739,12.19,0.0009518973783134073,0.016000000000000004,23.207944168063893
0.01,0.008,0.3016666666666667,0.08,0.09,800,0.62125,0.9925,0.7,8.030125944584382,0.01878156789151817,15.17939134808853,12.19,0.0009518973783134073,0.016000000000000004,23.207944168063893
0.01,0.008,0.3016666666666667,0.08,0.11,800,0.73625,0.98875,0.77375,6.76064791403287,0.027638298848508536,14.244032258064518,12.19,0.0009518973783134073,0.016000000000000004,23.207944168063893
0.02,0.016,0.3116666666666667,0.01,0.0,800,0.0,1.0,0.0,36.005,0.0005732435519236781,nan,36.005,0.0005732435519236782,0.008979696386474985,46.415888336127786
0.02,0.016,0.3116666666666667,0.01,0.006,800,0.58125,0.99375,0.12625,36.10472955974843,0.0005591283291812677,42.75560752688172,36.005,0.0005732435519236782,0.008979696386474985,46.415888336127786
0.02,0.016,0.3116666666666667,0.01,0.01,800,0.585,0.9475,0.29625,34.97740435356201,0.000687735340129368,41.18640491452992,36.005,0.0005732435519236782,0.008979696386474985,46.415888336127786
0.02,0.016,0.3116666666666667,0.01,0.014,800,0.6175,0.91875,0.41375,32.51359183673469,0.0024855994167924025,39.22284412955465,36.005,0.0005732435519236782,0.008979696386474985,46.415888336127786
0.02,0.016,0.3116666666666667,0.01,0.018,800,0.685,0.9325,0.51,29.961983914209114,0.0061891932268345285,38.16224452554744,36.005,0.0005732435519236782,0.008979696386474985,46.415888336127786
0.02,0.016,0.3116666666666667,0.01,0.024,800,0.7025,0.92875,0.66125,24.503755047106328,0.018504957197794592,35.92822953736655,36.005,0.0005732435519236782,0.008979696386474985,46.415888336127786
0.02,0.016,0.3116666666666667,0.01,0.032,800,0.72125,0.9375,0.735,19.949056666666667,0.03509022590792455,33.226364818024265,36.005,0.0005732435519236782,0.008979696386474985,46.415888336127786
0.02,0.016,0.3116666666666667,0.01,0.045,800,0.80125,0.96625,0.855,14.46580530401035,0.05749414521868402,30.251224648985964,36.005,0.0005732435519236782,0.008979696386474985,46.415888336127786
0.02,0.016,0.3116666666666667,0.01,0.06,800,0.87625,0.98875,0.925,10.227297724399495,0.08043306231719978,25.994775320970046,36.005,0.0005732435519236782,0.008979696386474985,46.415888336127786
0.02,0.016,0.3116666666666667,0.01,0.075,800,0.92625,0.99125,0.95125,8.047474779319042,0.09506115159009598,24.152665317139,36.005,0.0005732435519236782,0.008979696386474985,46.415888336127786
0.02,0.016,0.3116666666666667,0.01,0.09,800,0.94,0.995,0.97125,6.4263944723618085,0.10409726008411894,21.747646276595745,36.005,0.0005732435519236782,0.008979696386474985,46.415888336127786
0.02,0.016,0.3116666666666667,0.01,0.11,800,0.96625,0.995,0.97625,6.084057788944723,0.11246087166540594,19.688654592496768,36.005,0.0005732435519236782,0.008979696386474985,46.415888336127786
0.02,0.016,0.3116666666666667,0.015,0.0,800,0.0,1.0,0.0,29.29750000000001,0.0006112464995130197,nan,29.2975,0.0006112464995130198,0.010997837095988823,40.54801330382267
0.02,0.016,0.3116666666666667,0.015,0.006,800,0.63875,0.99875,0.07875,29.30755006257822,0.0006619269996078507,37.35196673189824,29.2975,0.0006112464995130198,0.010997837095988823,40.54801330382267
0.02,0.016,0.3116666666666667,0.015,0.01,800,0.64125,0.9875,0.21875,29.002177215189874,0.0007488500073492937,35.68266081871345,29.2975,0.0006112464995130198,0.010997837095988823,40.54801330382267
0.02,0.016,0.3116666666666667,0.015,0.014,800,0.625,0.95125,0.3125,28.436925098554532,0.0009446670575664259,34.65999500000001,29.2975,0.0006112464995130198,0.010997837095988823,40.54801330382267
0.02,0.016,0.3116666666666667,0.015,0.018,800,0.63625,0.93125,0.41375,27.1144966442953,0.0019586880538655263,33.45396365422397,29.2975,0.0006112464995130198,0.010997837095988823,40.54801330382267
0.02,0.016,0.3116666666666667,0.015,0.024,800,0.70625,0.9375,0.5175,23.974026666666663,0.007160482279514186,32.03802654867257,29.2975,0.0006112464995130198,0.010997837095988823,40.54801330382267
0.02,0.016,0.3116666666666667,0.015,0.032,800,0.71375,0.95,0.6375,20.252437500000003,0.020012994375871795,30.820048161120837,29.2975,0.0006112464995130198,0.010997837095988823,40.54801330382267
0.02,0.016,0.3116666666666667,0.015,0.045,800,0.7825,0.97,0.7625,15.552780283505156,0.03881803606413363,27.377432108626195,29.2975,0.0006112464995130198,0.010997837095988823,40.54801330382267
0.02,0.016,0.3116666666666667,0.015,0.06,800,0.84375,0.98375,0.8575,11.467261753494283,0.06209304636481728,24.717685185185186,29.2975,0.0006112464995130198,0.010997837095988823,40.54801330382267
0.02,0.016,0.3116666666666667,0.015,0.075,800,0.86375,0.99,0.905,9.033516414141415,0.07629085580434407,22.64831403762663,29.2975,0.0006112464995130198,0.010997837095988823,40.54801330382267
0.02,0.016,0.3116666666666667,0.015,0.09,800,0.9375,0.99375,0.9475,7.92851572327044,0.08514308904140001,20.719526666666667,29.2975,0.0006112464995130198,0.010997837095988823,40.54801330382267
0.02,0.016,0.3116666666666667,0.015,0.11,800,0.94125,0.99,0.9575,6.031644570707071,0.09950755236499131,19.189448871181938,29.2975,0.0006112464995130198,0.010997837095988823,40.54801330382267
0.02,0.016,0.3116666666666667,0.02,0.0,800,0.0,1.0,0.0,25.300000000000008,0.0007298856005202353,nan,25.3,0.0007298856005202353,0.012699208415745598,36.84031498640386
0.02,0.016,0.3116666666666667,0.02,0.006,800,0.03375,1.0,0.05375,25.271293749999998,0.0007432370571557126,30.060925925925925,25.3,0.0007298856005202353,0.012699208415745598,36.84031498640386
0.02,0.016,0.3116666666666667,0.02,0.01,800,0.6025,0.995,0.19625,25.24295226130653,0.0007692535934438852,32.58740145228216,25.3,0.0007298856005202353,0.012699208415745598,36.84031498640386
0.02,0.016,0.3116666666666667,0.02,0.014,800,0.615,0.975,0.28,25.083192307692308,0.0008576225034963621,31.55525406504065,25.3,0.0007298856005202353,0.012699208415745598,36.84031498640386
0.02,0.016,0.3116666666666667,0.02,0.018,800,0.59,0.95375,0.3375,24.62442332896461,0.0011288905407084511,30.74189088983051,25.3,0.0007298856005202353,0.012699208415745598,36.84031498640386
0.02,0.016,0.3116666666666667,0.02,0.024,800,0.64875,0.95875,0.4525,22.423207301173406,0.004339371558840364,29.47480732177264,25.3,0.0007298856005202353,0.012699208415745598,36.84031498640386
0.02,0.016,0.3116666666666667,0.02,0.032,800,0.685,0.9575,0.5675,19.78045365535248,0.010186115906962386,28.056815693430657,25.3,0.0007298856005202353,0.012699208415745598,36.84031498640386
0.02,0.016,0.3116666666666667,0.02,0.045,800,0.7425,0.96125,0.725,15.37294213263979,0.029362370203437717,25.652693602693603,25.3,0.0007298856005202353,0.012699208415745598,36.84031498640386
0.02,0.016,0.3116666666666667,0.02,0.06,800,0.7975,0.98125,0.81375,12.162318471337578,0.04967320731772777,23.7333934169279,25.3,0.0007298856005202353,0.012699208415745598,36.84031498640386
0.02,0.016,0.3116666666666667,0.02,0.075,800,0.8775,0.98125,0.84625,10.245525477707007,0.05928054379915935,22.037710113960113,25.3,0.0007298856005202353,0.012699208415745598,36.84031498640386
0.02,0.016,0.3116666666666667,0.02,0.09,800,0.89875,0.98875,0.89875,7.995107458912769,0.07850485543627138,20.98642906815021,25.3,0.0007298856005202353,0.012699208415745598,36.84031498640386
0.02,0.016,0.3116666666666667,0.02,0.11,800,0.93125,0.99625,0.935,6.728823713927228,0.08712932664513301,18.127197986577183,25.3,0.0007298856005202353,0.012699208415745598,36.84031498640386
0.02,0.016,0.3116666666666667,0.03,0.0,800,0.0,1.0,0.0,20.5625,0.0008120169085508374,nan,20.5625,0.000812016908550837,0.015553290377917325,32.18297948685432
0.02,0.016,0.3116666666666667,0.03,0.006,800,0.0,1.0,0.0225,20.495662499999998,0.0008723532789812051,nan,20.5625,0.000812016908550837,0.015553290377917325,32.18297948685432
0.02,0.016,0.3116666666666667,0.03,0.01,800,0.49375,0.995,0.1425,20.55527324120603,0.0008831626163560097,28.614772151898737,20.5625,0.000812016908550837,0.015553290377917325,32.18297948685432
0.02,0.016,0.3116666666666667,0.03,0.014,800,0.53875,0.97875,0.2175,20.540466155810986,0.0009452588892153223,27.763346867749423,20.5625,0.000812016908550837,0.015553290377917325,32.18297948685432
0.02,0.016,0.3116666666666667,0.03,0.018,800,0.58,0.97375,0.29125,20.401957637997434,0.001094490565245565,26.811002155172414,20.5625,0.000812016908550837,0.015553290377917325,32.18297948685432
0.02,0.016,0.3116666666666667,0.03,0.024,800,0.625,0.96625,0.39125,19.7541106080207,0.001807577635846705,25.821755,20.5625,0.000812016908550837,0.015553290377917325,32.18297948685432
0.02,0.016,0.3116666666666667,0.03,0.032,800,0.63875,0.95625,0.4675,18.03102614379085,0.005867213492309473,24.8756457925636,20.5625,0.000812016908550837,0.015553290377917325,32.18297948685432
0.02,0.016,0.3116666666666667,0.03,0.045,800,0.7,0.96875,0.60375,15.34984193548387,0.01602301019691685,23.441183035714285,20.5625,0.000812016908550837,0.015553290377917325,32.18297948685432
0.02,0.016,0.3116666666666667,0.03,0.06,800,0.755,0.98125,0.76375,12.013843949044587,0.029106577349373778,21.434544701986756,20.5625,0.000812016908550837,0.015553290377917325,32.18297948685432
0.02,0.016,0.3116666666666667,0.03,0.075,800,0.8075,0.975,0.80625,10.456387820512822,0.0415385641515815,20.312167182662538,20.5625,0.000812016908550837,0.015553290377917325,32.18297948685432
0.02,0.016,0.3116666666666667,0.03,0.09,800,0.87125,0.9925,0.845,9.095327455919396,0.055338924333168546,19.169483500717362,20.5625,0.000812016908550837,0.015553290377917325,32.18297948685432
0.02,0.016,0.3116666666666667,0.03,0.11,800,0.91,0.995,0.8975,6.8219849246231155,0.07440480583292508,17.352414148351645,20.5625,0.000812016908550837,0.015553290377917325,32.18297948685432
0.02,0.016,0.3116666666666667,0.04,0.0,800,0.0,1.0,0.0,17.75,0.0009959418544599021,nan,17.75,0.000995941854459902,0.01795939277294997,29.24017738212866
0.02,0.016,0.3116666666666667,0.04,0.006,800,0.0,1.0,0.01,17.782815625,0.0009600435524832984,nan,17.75,0.000995941854459902,0.01795939277294997,29.24017738212866
0.02,0.016,0.3116666666666667,0.04,0.01,800,0.005,1.0,0.10125,17.721840625,0.0009885255089428211,22.097500000000004,17.75,0.000995941854459902,0.01795939277294997,29.24017738212866
0.02,0.016,0.3116666666666667,0.04,0.014,800,0.44875,0.99625,0.20125,17.696069636135512,0.0010317863796375849,25.270591922005572,17.75,0.000995941854459902,0.01795939277294997,29.24017738212866
0.02,0.016,0.3116666666666667,0.04,0.018,800,0.49,0.99125,0.245,17.634016393442625,0.0010900684374980164,24.5865306122449,17.75,0.000995941854459902,0.01795939277294997,29.24017738212866
0.02,0.016,0.3116666666666667,0.04,0.024,800,0.5375,0.98625,0.3225,17.574074778200252,0.0013964829790784653,23.607325581395347,17.75,0.000995941854459902,0.01795939277294997,29.24017738212866
0.02,0.016,0.3116666666666667,0.04,0.032,800,0.61125,0.97375,0.415,16.789354942233633,0.002356913944782955,22.573614519427405,17.75,0.000995941854459902,0.01795939277294997,29.24017738212866
0.02,0.016,0.3116666666666667,0.04,0.045,800,0.66125,0.9575,0.53375,14.513593342036554,0.009061681041748237,21.39772211720227,17.75,0.000995941854459902,0.01795939277294997,29.24017738212866
0.02,0.016,0.3116666666666667,0.04,0.06,800,0.71125,0.97875,0.63125,12.763400383141763,0.021143912441238647,20.165887521968365,17.75,0.000995941854459902,0.01795939277294997,29.24017738212866
0.02,0.016,0.3116666666666667,0.04,0.075,800,0.78625,0.9875,0.73875,10.889202531645571,0.02931076765921401,19.10203895071542,17.75,0.000995941854459902,0.01795939277294997,29.24017738212866
0.02,0.016,0.3116666666666667,0.04,0.09,800,0.81125,0.985,0.78375,9.202699873096448,0.042984440703554234,18.03128659476117,17.75,0.000995941854459902,0.01795939277294997,29.24017738212866
0.02,0.016,0.3116666666666667,0.04,0.11,800,0.85625,0.99125,0.84,7.88688524590164,0.05506335767400553,16.721003649635037,17.75,0.000995941854459902,0.01795939277294997,29.24017738212866
0.02,0.016,0.3116666666666667,0.06,0.0,800,0.0,1.0,0.0,14.425000000000002,0.0011114839345703848,nan,14.425,0.0011114839345703848,0.021995674191977645,25.543647746451768
0.02,0.016,0.3116666666666667,0.06,0.006,800,0.0,1.0,0.00625,14.411490625,0.0011236180078822882,nan,14.425,0.0011114839345703848,0.021995674191977645,25.543647746451768
0.02,0.016,0.3116666666666667,0.06,0.01,800,0.0,1.0,0.0525,14.451118750000001,0.0011433740346227248,nan,14.425,0.0011114839345703848,0.021995674191977645,25.543647746451768
0.02,0.016,0.3116666666666667,0.06,0.014,800,0.2025,0.99875,0.1425,14.411260951188986,0.0011836269496326775,22.640925925925927,14.425,0.0011114839345703848,0.021995674191977645,25.543647746451768
0.02,0.016,0.3116666666666667,0.06,0.018,800,0.30875,0.99375,0.195,14.413540880503147,0.0011803979140393884,21.639686234817816,14.425,0.0011114839345703848,0.021995674191977645,25.543647746451768
0.02,0.016,0.3116666666666667,0.06,0.024,800,0.3925,0.99125,0.2725,14.49436948297604,0.0013594558069799413,21.111584394904458,14.425,0.0011114839345703848,0.021995674191977645,25.543647746451768
0.02,0.016,0.3116666666666667,0.06,0.032,800,0.4575,0.98375,0.36125,14.053300508259213,0.0016652498508542704,20.10676912568306,14.425,0.0011114839345703848,0.021995674191977645,25.543647746451768
0.02,0.016,0.3116666666666667,0.06,0.045,800,0.54875,0.98125,0.4325,13.475914012738855,0.0036155246364947993,18.853171981776764,14.425,0.0011114839345703848,0.021995674191977645,25.543647746451768
0.02,0.016,0.3116666666666667,0.06,0.06,800,0.6225,0.97125,0.5475,11.74648326898327,0.010797796568157192,18.122319277108435,14.425,0.0011114839345703848,0.021995674191977645,25.543647746451768
0.02,0.016,0.3116666666666667,0.06,0.075,800,0.72,0.97375,0.6225,10.546652759948653,0.017459754331114134,17.279704861111114,14.425,0.0011114839345703848,0.021995674191977645,25.543647746451768
0.02,0.016,0.3116666666666667,0.06,0.09,800,0.74875,0.9825,0.67625,9.498848600508905,0.026997892531708777,16.681252086811355,14.425,0.0011114839345703848,0.021995674191977645,25.543647746451768
0.02,0.016,0.3116666666666667,0.06,0.11,800,0.79125,0.985,0.75375,7.929457487309645,0.041838567492973294,15.405161927330171,14.425,0.0011114839345703848,0.021995674191977645,25.543647746451768
0.02,0.016,0.3116666666666667,0.08,0.0,800,0.0,1.0,0.0,12.455,0.0012514004140805057,nan,12.455,0.0012514004140805057,0.025398416831491195,23.207944168063893
0.02,0.016,0.3116666666666667,0.08,0.006,800,0.0,1.0,0.0,12.443553125000001,0.001253138021610752,nan,12.455,0.0012514004140805057,0.025398416831491195,23.207944168063893
0.02,0.016,0.3116666666666667,0.08,0.01,800,0.0,1.0,0.02625,12.405784375000001,0.0012767512017918064,nan,12.455,0.0012514004140805057,0.025398416831491195,23.207944168063893
0.02,0.016,0.3116666666666667,0.08,0.014,800,0.05125,1.0,0.09875,12.540846875000002,0.0013782930774186178,20.501280487804877,12.455,0.0012514004140805057,0.025398416831491195,23.207944168063893
0.02,0.016,0.3116666666666667,0.08,0.018,800,0.1125,0.99625,0.1575,12.538039523212046,0.001404501281575314,19.65952777777778,12.455,0.0012514004140805057,0.025398416831491195,23.207944168063893
0.02,0.016,0.3116666666666667,0.08,0.024,800,0.23,0.99375,0.2625,12.481698113207548,0.0014287250210182662,19.21688858695652,12.455,0.0012514004140805057,0.025398416831491195,23.207944168063893
0.02,0.016,0.3116666666666667,0.08,0.032,800,0.3075,0.985,0.32375,12.412030456852792,0.0016732828607321647,18.371229674796748,12.455,0.0012514004140805057,0.025398416831491195,23.207944168063893
0.02,0.016,0.3116666666666667,0.08,0.045,800,0.40875,0.975,0.39375,12.088727564102564,0.0024308998526509132,17.492507645259938,12.455,0.0012514004140805057,0.025398416831491195,23.207944168063893
0.02,0.016,0.3116666666666667,0.08,0.06,800,0.535,0.96875,0.4675,11.314864516129033,0.005070031942579574,16.695992990654204,12.455,0.0012514004140805057,0.025398416831491195,23.207944168063893
0.02,0.016,0.3116666666666667,0.08,0.075,800,0.6375,0.98125,0.57375,10.109566878980893,0.010366840742449507,15.744539215686276,12.455,0.0012514004140805057,0.025398416831491195,23.207944168063893
0.02,0.016,0.3116666666666667,0.08,0.09,800,0.69125,0.97875,0.63,9.135332056194125,0.019228195151159557,15.330022603978298,12.455,0.0012514004140805057,0.025398416831491195,23.207944168063893
0.02,0.016,0.3116666666666667,0.08,0.11,800,0.765,0.98625,0.70625,7.89269328263625,0.028040375959072012,14.306049836601307,12.455,0.0012514004140805057,0.025398416831491195,23.207944168063893
0.04,0.032,0.33166666666666667,0.01,0.0,800,0.0,1.0,0.0,36.065,0.0009665348774545614,nan,36.065,0.0009665348774545611,0.01425437949024543,46.415888336127786
0.04,0.032,0.33166666666666667,0.01,0.006,800,0.915,1.0,0.06,36.004315625,0.0009850613024915895,40.662581967213114,36.065,0.0009665348774545611,0.01425437949024543,46.415888336127786
0.04,0.032,0.33166666666666667,0.01,0.01,800,0.92,0.98625,0.195,35.51998098859316,0.001025739130199125,40.245295516304346,36.065,0.0009665348774545611,0.01425437949024543,46.415888336127786
0.04,0.032,0.33166666666666667,0.01,0.014,800,0.84875,0.9675,0.34125,34.14908914728682,0.0016700267431883657,38.92646539027982,36.065,0.0009665348774545611,0.01425437949024543,46.415888336127786
0.04,0.032,0.33166666666666667,0.01,0.018,800,0.81875,0.94875,0.425,32.397941370223975,0.005018452936198196,37.80219083969465,36.065,0.0009665348774545611,0.01425437949024543,46.415888336127786
0.04,0.032,0.33166666666666667,0.01,0.024,800,0.795,0.945,0.54875,28.521501322751323,0.013854136741797113,36.179422169811325,36.065,0.0009665348774545611,0.01425437949024543,46.415888336127786
0.04,0.032,0.33166666666666667,0.01,0.032,800,0.82125,0.96375,0.67375,23.875995460440986,0.03186034051425286,34.423900304414,36.065,0.0009665348774545611,0.01425437949024543,46.415888336127786
0.04,0.032,0.33166666666666667,0.01,0.045,800,0.875,0.98125,0.83625,17.42096178343949,0.07028713993515988,31.065303571428572,36.065,0.0009665348774545611,0.01425437949024543,46.415888336127786
0.04,0.032,0.33166666666666667,0.01,0.06,800,0.90125,0.98875,0.905,13.025208596713021,0.10505017274841973,28.67864771151179,36.065,0.0009665348774545611,0.01425437949024543,46.415888336127786
0.04,0.032,0.33166666666666667,0.01,0.075,800,0.9075,0.9925,0.93875,9.653340680100754,0.13745314998192146,26.090216942148757,36.065,0.0009665348774545611,0.01425437949024543,46.415888336127786
0.04,0.032,0.33166666666666667,0.01,0.09,800,0.955,0.995,0.96125,7.809638819095477,0.15579007175550738,23.35894960732984,36.065,0.0009665348774545611,0.01425437949024543,46.415888336127786
0.04,0.032,0.33166666666666667,0.01,0.11,800,0.9775,0.99875,0.97,6.124521276595745,0.17304917283657398,20.973558184143226,36.065,0.0009665348774545611,0.01425437949024543,46.415888336127786
0.04,0.032,0.33166666666666667,0.015,0.0,800,0.0,1.0,0.0,29.53500000000001,0.0010656284679613306,nan,29.535,0.0010656284679613308,0.017457978175547544,40.54801330382267
0.04,0.032,0.33166666666666667,0.015,0.006,800,0.65375,1.0,0.0275,29.506259375,0.0011078315065565089,33.92479923518164,29.535,0.0010656284679613308,0.017457978175547544,40.54801330382267
0.04,0.032,0.33166666666666667,0.015,0.01,800,0.9425,0.9975,0.13875,29.50013784461153,0.0011417706370932647,34.61786140583554,29.535,0.0010656284679613308,0.017457978175547544,40.54801330382267
0.04,0.032,0.33166666666666667,0.015,0.014,800,0.88,0.98875,0.2475,28.89065107458913,0.0012775563972586045,33.75522017045454,29.535,0.0010656284679613308,0.017457978175547544,40.54801330382267
0.04,0.032,0.33166666666666667,0.015,0.018,800,0.85125,0.96875,0.33125,28.254719354838713,0.001816583583217703,33.11013215859031,29.535,0.0010656284679613308,0.017457978175547544,40.54801330382267
0.04,0.032,0.33166666666666667,0.015,0.024,800,0.845,0.96375,0.41125,26.35359922178988,0.005880903097335544,32.13479289940828,29.535,0.0010656284679613308,0.017457978175547544,40.54801330382267
0.04,0.032,0.33166666666666667,0.015,0.032,800,0.8025,0.9525,0.5725,22.705190288713915,0.016395136005890133,30.92738317757009,29.535,0.0010656284679613308,0.017457978175547544,40.54801330382267
0.04,0.032,0.33166666666666667,0.015,0.045,800,0.835,0.96125,0.74125,17.54669700910273,0.04489357220977679,28.280542664670666,29.535,0.0010656284679613308,0.017457978175547544,40.54801330382267
0.04,0.032,0.33166666666666667,0.015,0.06,800,0.89125,0.9775,0.8325,13.736256393861893,0.0756773970131871,26.19880785413745,29.535,0.0010656284679613308,0.017457978175547544,40.54801330382267
0.04,0.032,0.33166666666666667,0.015,0.075,800,0.9075,0.98875,0.88625,10.868928571428574,0.10285991530866118,24.369008264462813,29.535,0.0010656284679613308,0.017457978175547544,40.54801330382267
0.04,0.032,0.33166666666666667,0.015,0.09,800,0.9275,0.98875,0.925,8.647835018963338,0.12667907820611707,22.163925202156335,29.535,0.0010656284679613308,0.017457978175547544,40.54801330382267
0.04,0.032,0.33166666666666667,0.015,0.11,800,0.95,0.99625,0.9275,7.639927854454204,0.1438464293852643,20.3913125,29.535,0.0010656284679613308,0.017457978175547544,40.54801330382267
0.04,0.032,0.33166666666666667,0.02,0.0,800,0.0,1.0,0.0,25.5975,0.0011403150293691944,nan,25.5975,0.0011403150293691946,0.020158736798317974,36.84031498640386
0.04,0.032,0.33166666666666667,0.02,0.006,800,0.145,1.0,0.01375,25.595490625000004,0.0011958580952359868,29.03778017241379,25.5975,0.0011403150293691946,0.020158736798317974,36.84031498640386
0.04,0.032,0.33166666666666667,0.02,0.01,800,0.74625,1.0,0.0975,25.533621874999998,0.0012232617604057215,30.047345058626465,25.5975,0.0011403150293691946,0.020158736798317974,36.84031498640386
0.04,0.032,0.33166666666666667,0.02,0.014,800,0.9075,0.99875,0.20375,25.505948060075095,0.0012837309201272822,30.429001377410472,25.5975,0.0011403150293691946,0.020158736798317974,36.84031498640386
0.04,0.032,0.33166666666666667,0.02,0.018,800,0.88375,0.98625,0.2825,24.935532319391637,0.001412305548556134,29.856471004243282,25.5975,0.0011403150293691946,0.020158736798317974,36.84031498640386
0.04,0.032,0.33166666666666667,0.02,0.024,800,0.84875,0.98125,0.3725,24.244117834394903,0.0024504355706868935,29.27019882179676,25.5975,0.0011403150293691946,0.020158736798317974,36.84031498640386
0.04,0.032,0.33166666666666667,0.02,0.032,800,0.82625,0.97,0.51,21.952503221649486,0.008355899673448887,27.66031770045386,25.5975,0.0011403150293691946,0.020158736798317974,36.84031498640386
0.04,0.032,0.33166666666666667,0.02,0.045,800,0.85,0.9775,0.62875,18.68062979539642,0.026318709898165486,26.404661764705885,25.5975,0.0011403150293691946,0.020158736798317974,36.84031498640386
0.04,0.032,0.33166666666666667,0.02,0.06,800,0.845,0.975,0.75125,14.667317307692308,0.05207440302880222,24.791701183431957,25.5975,0.0011403150293691946,0.020158736798317974,36.84031498640386
0.04,0.032,0.33166666666666667,0.02,0.075,800,0.87875,0.9875,0.85,11.457148734177213,0.08121185101499297,22.88362375533428,25.5975,0.0011403150293691946,0.020158736798317974,36.84031498640386
0.04,0.032,0.33166666666666667,0.02,0.09,800,0.92,0.985,0.87625,9.861881345177665,0.09981423044937854,21.337605298913044,25.5975,0.0011403150293691946,0.020158736798317974,36.84031498640386
0.04,0.032,0.33166666666666667,0.02,0.11,800,0.925,0.995,0.92625,7.584268216080402,0.12542469427123812,19.143222972972975,25.5975,0.0011403150293691946,0.020158736798317974,36.84031498640386
0.04,0.032,0.33166666666666667,0.03,0.0,800,0.0,1.0,0.0,20.892500000000005,0.0013891117485513621,nan,20.892500000000002,0.001389111748551362,0.024689309507472838,32.18297948685432
0.04,0.032,0.33166666666666667,0.03,0.006,800,0.00375,1.0,0.00625,20.86931875,0.0013094562613267591,23.913333333333338,20.892500000000002,0.001389111748551362,0.024689309507472838,32.18297948685432
0.04,0.032,0.33166666666666667,0.03,0.01,800,0.525,1.0,0.04375,20.9446875,0.0013587710490453517,25.424636904761904,20.892500000000002,0.001389111748551362,0.024689309507472838,32.18297948685432
0.04,0.032,0.33166666666666667,0.03,0.014,800,0.90875,1.0,0.13,20.996137499999996,0.0013723673499365149,26.648583218707017,20.892500000000002,0.001389111748551362,0.024689309507472838,32.18297948685432
0.04,0.032,0.33166666666666667,0.03,0.018,800,0.85625,0.995,0.20625,20.80570037688442,0.0014312122707996386,25.923653284671538,20.892500000000002,0.001389111748551362,0.024689309507472838,32.18297948685432
0.04,0.032,0.33166666666666667,0.03,0.024,800,0.85125,0.98875,0.305,20.470888116308473,0.0016684329092761547,25.40626651982379,20.892500000000002,0.001389111748551362,0.024689309507472838,32.18297948685432
0.04,0.032,0.33166666666666667,0.03,0.032,800,0.82375,0.975,0.40625,19.820330128205132,0.0029532917561775483,24.642943854324734,20.892500000000002,0.001389111748551362,0.024689309507472838,32.18297948685432
0.04,0.032,0.33166666666666667,0.03,0.045,800,0.82875,0.975,0.515,17.681551282051284,0.012581162369658522,23.646534690799395,20.892500000000002,0.001389111748551362,0.024689309507472838,32.18297948685432
0.04,0.032,0.33166666666666667,0.03,0.06,800,0.83625,0.97375,0.65875,14.860263157894737,0.027662878507648515,21.922619581464872,20.892500000000002,0.001389111748551362,0.024689309507472838,32.18297948685432
0.04,0.032,0.33166666666666667,0.03,0.075,800,0.85875,0.98375,0.77625,11.980724269377383,0.05056483170399958,20.583038573508006,20.892500000000002,0.001389111748551362,0.024689309507472838,32.18297948685432
0.04,0.032,0.33166666666666667,0.03,0.09,800,0.90125,0.98875,0.81125,10.442149178255372,0.07166191804120331,19.699674063800277,20.892500000000002,0.001389111748551362,0.024689309507472838,32.18297948685432
0.04,0.032,0.33166666666666667,0.03,0.11,800,0.92375,0.9925,0.83875,9.170799748110833,0.0862937086200801,18.679431664411368,20.892500000000002,0.001389111748551362,0.024689309507472838,32.18297948685432
0.04,0.032,0.33166666666666667,0.04,0.0,800,0.0,1.0,0.0,18.069999999999997,0.0013784662135199238,nan,18.07,0.0013784662135199236,0.02850875898049086,29.24017738212866
0.04,0.032,0.33166666666666667,0.04,0.006,800,0.0,1.0,0.00125,18.055778125000003,0.0014416252661080603,nan,18.07,0.0013784662135199236,0.02850875898049086,29.24017738212866
0.04,0.032,0.33166666666666667,0.04,0.01,800,0.09125,1.0,0.04,18.0496375,0.001460505145481324,21.70417808219178,18.07,0.0013784662135199236,0.02850875898049086,29.24017738212866
0.04,0.032,0.33166666666666667,0.04,0.014,800,0.62375,1.0,0.10375,18.17994375,0.001492927401284727,22.945380761523044,18.07,0.0013784662135199236,0.02850875898049086,29.24017738212866
0.04,0.032,0.33166666666666667,0.04,0.018,800,0.8425,0.99375,0.17,18.027572327044027,0.0015186419981540356,23.67910237388724,18.07,0.0013784662135199236,0.02850875898049086,29.24017738212866
0.04,0.032,0.33166666666666667,0.04,0.024,800,0.82,0.995,0.26,17.90735552763819,0.001722641241274014,23.284024390243903,18.07,0.0013784662135199236,0.02850875898049086,29.24017738212866
0.04,0.032,0.33166666666666667,0.04,0.032,800,0.7775,0.9875,0.35375,17.54340506329114,0.002202652646610676,22.43457797427653,18.07,0.0013784662135199236,0.02850875898049086,29.24017738212866
0.04,0.032,0.33166666666666667,0.04,0.045,800,0.77625,0.97375,0.47375,16.159759306803593,0.006810965787923743,21.375374396135268,18.07,0.0013784662135199236,0.02850875898049086,29.24017738212866
0.04,0.032,0.33166666666666667,0.04,0.06,800,0.8225,0.97375,0.595,14.073234916559691,0.019241778822440117,20.473468844984804,18.07,0.0013784662135199236,0.02850875898049086,29.24017738212866
0.04,0.032,0.33166666666666667,0.04,0.075,800,0.835,0.97875,0.6725,12.548569604086847,0.03353801827427426,19.819996257485034,18.07,0.0013784662135199236,0.02850875898049086,29.24017738212866
0.04,0.032,0.33166666666666667,0.04,0.09,800,0.87375,0.99,0.73875,11.057165404040406,0.045906883894862666,18.03359799713877,18.07,0.0013784662135199236,0.02850875898049086,29.24017738212866
0.04,0.032,0.33166666666666667,0.04,0.11,800,0.88,0.98,0.805,8.70235650510204,0.06819443913957714,17.25897372159091,18.07,0.0013784662135199236,0.02850875898049086,29.24017738212866
0.04,0.032,0.33166666666666667,0.06,0.0,800,0.0,1.0,0.0,14.7175,0.0015662701439816257,nan,14.717500000000001,0.0015662701439816257,0.03491595635109509,25.543647746451768
0.04,0.032,0.33166666666666667,0.06,0.006,800,0.0,1.0,0.0,14.728471875,0.0015984309991841457,nan,14.717500000000001,0.0015662701439816257,0.03491595635109509,25.543647746451768
0.04,0.032,0.33166666666666667,0.06,0.01,800,0.0,1.0,0.01125,14.724234375000002,0.001629410029748611,nan,14.717500000000001,0.0015662701439816257,0.03491595635109509,25.543647746451768
0.04,0.032,0.33166666666666667,0.06,0.014,800,0.18125,1.0,0.06875,14.756784375000002,0.0016308882565313184,19.09943103448276,14.717500000000001,0.0015662701439816257,0.03491595635109509,25.543647746451768
0.04,0.032,0.33166666666666667,0.06,0.018,800,0.73,0.99875,0.1225,14.723451188986232,0.0016523830687438402,20.886382705479452,14.717500000000001,0.0015662701439816257,0.03491595635109509,25.543647746451768
0.04,0.032,0.33166666666666667,0.06,0.024,800,0.7175,0.99625,0.1975,14.81409661229611,0.0017435065844423733,20.27223432055749,14.717500000000001,0.0015662701439816257,0.03491595635109509,25.543647746451768
0.04,0.032,0.33166666666666667,0.06,0.032,800,0.75125,0.9875,0.2825,14.623424050632913,0.001967591671532842,19.653714642262894,14.717500000000001,0.0015662701439816257,0.03491595635109509,25.543647746451768
0.04,0.032,0.33166666666666667,0.06,0.045,800,0.72125,0.98375,0.38125,14.200314485387546,0.0026685423867208865,18.846018197573656,14.717500000000001,0.0015662701439816257,0.03491595635109509,25.543647746451768
0.04,0.032,0.33166666666666667,0.06,0.06,800,0.75125,0.97875,0.5225,12.782729885057469,0.009967757291300349,18.00817803660566,14.717500000000001,0.0015662701439816257,0.03491595635109509,25.543647746451768
0.04,0.032,0.33166666666666667,0.06,0.075,800,0.78375,0.98625,0.595,11.718596324461343,0.01630337642974019,17.29845295055821,14.717500000000001,0.0015662701439816257,0.03491595635109509,25.543647746451768
0.04,0.032,0.33166666666666667,0.06,0.09,800,0.84125,0.98,0.65875,10.468692602040816,0.02701782961116131,16.578476968796434,14.717500000000001,0.0015662701439816257,0.03491595635109509,25.543647746451768
0.04,0.032,0.33166666666666667,0.06,0.11,800,0.85625,0.985,0.74,9.013207487309645,0.043581171395424084,15.818532846715328,14.717500000000001,0.0015662701439816257,0.03491595635109509,25.543647746451768
0.04,0.032,0.33166666666666667,0.08,0.0,800,0.0,1.0,0.0,12.7175,0.0015770225376795096,nan,12.717500000000001,0.0015770225376795098,0.04031747359663595,23.207944168063893
0.04,0.032,0.33166666666666667,0.08,0.006,800,0.0,1.0,0.0,12.709271874999999,0.001744753296703584,nan,12.717500000000001,0.0015770225376795098,0.04031747359663595,23.207944168063893
0.04,0.032,0.33166666666666667,0.08,0.01,800,0.0,1.0,0.00375,12.7541875,0.0017588117646842561,nan,12.717500000000001,0.0015770225376795098,0.04031747359663595,23.207944168063893
0.04,0.032,0.33166666666666667,0.08,0.014,800,0.0025,1.0,0.03625,12.752990625,0.0017664140635830219,15.732500000000002,12.717500000000001,0.0015770225376795098,0.04031747359663595,23.207944168063893
0.04,0.032,0.33166666666666667,0.08,0.018,800,0.16,1.0,0.0975,12.7265625,0.0018248980564532613,17.14095703125,12.717500000000001,0.0015770225376795098,0.04031747359663595,23.207944168063893
0.04,0.032,0.33166666666666667,0.08,0.024,800,0.58125,0.9975,0.14875,12.732061403508773,0.0018925342128136742,18.586279569892472,12.717500000000001,0.0015770225376795098,0.04031747359663595,23.207944168063893
0.04,0.032,0.33166666666666667,0.08,0.032,800,0.62625,0.99625,0.24,12.68495294855709,0.0020308824159324464,18.06519461077845,12.717500000000001,0.0015770225376795098,0.04031747359663595,23.207944168063893
0.04,0.032,0.33166666666666667,0.08,0.045,800,0.66125,0.9825,0.3425,12.586005089058528,0.002513972510497421,17.159012287334594,12.717500000000001,0.0015770225376795098,0.04031747359663595,23.207944168063893
0.04,0.032,0.33166666666666667,0.08,0.06,800,0.70375,0.99125,0.4375,12.01546343001261,0.004815669345058529,16.679755772646537,12.717500000000001,0.0015770225376795098,0.04031747359663595,23.207944168063893
0.04,0.032,0.33166666666666667,0.08,0.075,800,0.73875,0.97625,0.5075,11.193495518565943,0.008142076597593072,15.992402707275804,12.717500000000001,0.0015770225376795098,0.04031747359663595,23.207944168063893
0.04,0.032,0.33166666666666667,0.08,0.09,800,0.7375,0.9875,0.60375,9.94045253164557,0.017596366062132794,15.053182203389829,12.717500000000001,0.0015770225376795098,0.04031747359663595,23.207944168063893
0.04,0.032,0.33166666666666667,0.08,0.11,800,0.8,0.98375,0.685,8.891534307496824,0.031119973977551882,14.7807421875,12.717500000000001,0.0015770225376795098,0.04031747359663595,23.207944168063893
