q,window_lo,window_hi,lambda,eta,hit_prob,W_star,W_lo,W_hi,n
0.5,0.5,2.0,0.004,0.0,0.0,0.02519842099789747,0.012599210498948734,0.05039684199579494,2000
0.5,0.5,2.0,0.004,0.02,0.0,0.02519842099789747,0.012599210498948734,0.05039684199579494,2000
0.5,0.5,2.0,0.004,0.035,0.0,0.02519842099789747,0.012599210498948734,0.05039684199579494,2000
0.5,0.5,2.0,0.004,0.05,0.008,0.02519842099789747,0.012599210498948734,0.05039684199579494,2000
0.5,0.5,2.0,0.004,0.07,0.0825,0.02519842099789747,0.012599210498948734,0.05039684199579494,2000
0.5,0.5,2.0,0.004,0.1,0.322,0.02519842099789747,0.012599210498948734,0.05039684199579494,2000
0.5,0.5,2.0,0.004,0.14,0.612,0.02519842099789747,0.012599210498948734,0.05039684199579494,2000
0.5,0.5,2.0,0.004,0.2,0.874,0.02519842099789747,0.012599210498948734,0.05039684199579494,2000
0.5,0.5,2.0,0.004,0.28,0.973,0.02519842099789747,0.012599210498948734,0.05039684199579494,2000
0.5,0.5,2.0,0.004,0.4,0.997,0.02519842099789747,0.012599210498948734,0.05039684199579494,2000
0.5,0.5,2.0,0.004,0.6,1.0,0.02519842099789747,0.012599210498948734,0.05039684199579494,2000
0.5,0.5,2.0,0.004,0.85,1.0,0.02519842099789747,0.012599210498948734,0.05039684199579494,2000
0.5,0.5,2.0,0.004,1.1,1.0,0.02519842099789747,0.012599210498948734,0.05039684199579494,2000
0.5,0.5,2.0,0.006,0.0,0.0,0.033019272488946275,0.016509636244473137,0.06603854497789255,2000
0.5,0.5,2.0,0.006,0.02,0.0,0.033019272488946275,0.016509636244473137,0.06603854497789255,2000
0.5,0.5,2.0,0.006,0.035,0.0,0.033019272488946275,0.016509636244473137,0.06603854497789255,2000
0.5,0.5,2.0,0.006,0.05,0.0015,0.033019272488946275,0.016509636244473137,0.06603854497789255,2000
0.5,0.5,2.0,0.006,0.07,0.024,0.033019272488946275,0.016509636244473137,0.06603854497789255,2000
0.5,0.5,2.0,0.006,0.1,0.1625,0.033019272488946275,0.016509636244473137,0.06603854497789255,2000
0.5,0.5,2.0,0.006,0.14,0.429,0.033019272488946275,0.016509636244473137,0.06603854497789255,2000
0.5,0.5,2.0,0.006,0.2,0.74,0.033019272488946275,0.016509636244473137,0.06603854497789255,2000
0.5,0.5,2.0,0.006,0.28,0.9295,0.033019272488946275,0.016509636244473137,0.06603854497789255,2000
0.5,0.5,2.0,0.006,0.4,0.9915,0.033019272488946275,0.016509636244473137,0.06603854497789255,2000
0.5,0.5,2.0,0.006,0.6,1.0,0.033019272488946275,0.016509636244473137,0.06603854497789255,2000
0.5,0.5,2.0,0.006,0.85,1.0,0.033019272488946275,0.016509636244473137,0.06603854497789255,2000
0.5,0.5,2.0,0.006,1.1,1.0,0.033019272488946275,0.016509636244473137,0.06603854497789255,2000
0.5,0.5,2.0,0.008,0.0,0.0,0.04000000000000001,0.020000000000000004,0.08000000000000002,2000
0.5,0.5,2.0,0.008,0.02,0.0,0.04000000000000001,0.020000000000000004,0.08000000000000002,2000
0.5,0.5,2.0,0.008,0.035,0.0,0.04000000000000001,0.020000000000000004,0.08000000000000002,2000
0.5,0.5,2.0,0.008,0.05,0.0,0.04000000000000001,0.020000000000000004,0.08000000000000002,2000
0.5,0.5,2.0,0.008,0.07,0.01,0.04000000000000001,0.020000000000000004,0.08000000000000002,2000
0.5,0.5,2.0,0.008,0.1,0.097,0.04000000000000001,0.020000000000000004,0.08000000000000002,2000
0.5,0.5,2.0,0.008,0.14,0.3235,0.04000000000000001,0.020000000000000004,0.08000000000000002,2000
0.5,0.5,2.0,0.008,0.2,0.6165,0.04000000000000001,0.020000000000000004,0.08000000000000002,2000
0.5,0.5,2.0,0.008,0.28,0.862,0.04000000000000001,0.020000000000000004,0.08000000000000002,2000
0.5,0.5,2.0,0.008,0.4,0.9715,0.04000000000000001,0.020000000000000004,0.08000000000000002,2000
0.5,0.5,2.0,0.008,0.6,0.9985,0.04000000000000001,0.020000000000000004,0.08000000000000002,2000
0.5,0.5,2.0,0.008,0.85,1.0,0.04000000000000001,0.020000000000000004,0.08000000000000002,2000
0.5,0.5,2.0,0.008,1.1,1.0,0.04000000000000001,0.020000000000000004,0.08000000000000002,2000
0.5,0.5,2.0,0.012,0.0,0.0,0.05241482788417794,0.02620741394208897,0.10482965576835589,2000
0.5,0.5,2.0,0.012,0.02,0.0,0.05241482788417794,0.02620741394208897,0.10482965576835589,2000
0.5,0.5,2.0,0.012,0.035,0.0,0.05241482788417794,0.02620741394208897,0.10482965576835589,2000
0.5,0.5,2.0,0.012,0.05,0.0,0.05241482788417794,0.02620741394208897,0.10482965576835589,2000
0.5,0.5,2.0,0.012,0.07,0.0005,0.05241482788417794,0.02620741394208897,0.10482965576835589,2000
0.5,0.5,2.0,0.012,0.1,0.029,0.05241482788417794,0.02620741394208897,0.10482965576835589,2000
0.5,0.5,2.0,0.012,0.14,0.17,0.05241482788417794,0.02620741394208897,0.10482965576835589,2000
0.5,0.5,2.0,0.012,0.2,0.444,0.05241482788417794,0.02620741394208897,0.10482965576835589,2000
0.5,0.5,2.0,0.012,0.28,0.7355,0.05241482788417794,0.02620741394208897,0.10482965576835589,2000
0.5,0.5,2.0,0.012,0.4,0.929,0.05241482788417794,0.02620741394208897,0.10482965576835589,2000
0.5,0.5,2.0,0.012,0.6,0.9935,0.05241482788417794,0.02620741394208897,0.10482965576835589,2000
0.5,0.5,2.0,0.012,0.85,1.0,0.05241482788417794,0.02620741394208897,0.10482965576835589,2000
0.5,0.5,2.0,0.012,1.1,1.0,0.05241482788417794,0.02620741394208897,0.10482965576835589,2000
0.5,0.5,2.0,0.016,0.0,0.0,0.06349604207872799,0.03174802103936399,0.12699208415745597,2000
0.5,0.5,2.0,0.016,0.02,0.0,0.06349604207872799,0.03174802103936399,0.12699208415745597,2000
0.5,0.5,2.0,0.016,0.035,0.0,0.06349604207872799,0.03174802103936399,0.12699208415745597,2000
0.5,0.5,2.0,0.016,0.05,0.0,0.06349604207872799,0.03174802103936399,0.12699208415745597,2000
0.5,0.5,2.0,0.016,0.07,0.0,0.06349604207872799,0.03174802103936399,0.12699208415745597,2000
0.5,0.5,2.0,0.016,0.1,0.0105,0.06349604207872799,0.03174802103936399,0.12699208415745597,2000
0.5,0.5,2.0,0.016,0.14,0.0815,0.06349604207872799,0.03174802103936399,0.12699208415745597,2000
0.5,0.5,2.0,0.016,0.2,0.323,0.06349604207872799,0.03174802103936399,0.12699208415745597,2000
0.5,0.5,2.0,0.016,0.28,0.621,0.06349604207872799,0.03174802103936399,0.12699208415745597,2000
0.5,0.5,2.0,0.016,0.4,0.865,0.06349604207872799,0.03174802103936399,0.12699208415745597,2000
0.5,0.5,2.0,0.016,0.6,0.9815,0.06349604207872799,0.03174802103936399,0.12699208415745597,2000
0.5,0.5,2.0,0.016,0.85,0.997,0.06349604207872799,0.03174802103936399,0.12699208415745597,2000
0.5,0.5,2.0,0.016,1.1,1.0,0.06349604207872799,0.03174802103936399,0.12699208415745597,2000
0.5,0.5,2.0,0.024,0.0,0.0,0.08320335292207617,0.04160167646103809,0.16640670584415235,2000
0.5,0.5,2.0,0.024,0.02,0.0,0.08320335292207617,0.04160167646103809,0.16640670584415235,2000
0.5,0.5,2.0,0.024,0.035,0.0,0.08320335292207617,0.04160167646103809,0.16640670584415235,2000
0.5,0.5,2.0,0.024,0.05,0.0,0.08320335292207617,0.04160167646103809,0.16640670584415235,2000
0.5,0.5,2.0,0.024,0.07,0.0,0.08320335292207617,0.04160167646103809,0.16640670584415235,2000
0.5,0.5,2.0,0.024,0.1,0.001,0.08320335292207617,0.04160167646103809,0.16640670584415235,2000
0.5,0.5,2.0,0.024,0.14,0.0275,0.08320335292207617,0.04160167646103809,0.16640670584415235,2000
0.5,0.5,2.0,0.024,0.2,0.174,0.08320335292207617,0.04160167646103809,0.16640670584415235,2000
0.5,0.5,2.0,0.024,0.28,0.439,0.08320335292207617,0.04160167646103809,0.16640670584415235,2000
0.5,0.5,2.0,0.024,0.4,0.7435,0.08320335292207617,0.04160167646103809,0.16640670584415235,2000
0.5,0.5,2.0,0.024,0.6,0.94,0.08320335292207617,0.04160167646103809,0.16640670584415235,2000
0.5,0.5,2.0,0.024,0.85,0.9965,0.08320335292207617,0.04160167646103809,0.16640670584415235,2000
0.5,0.5,2.0,0.024,1.1,0.9995,0.08320335292207617,0.04160167646103809,0.16640670584415235,2000
0.5,0.5,2.0,0.032,0.0,0.0,0.10079368399158986,0.05039684199579493,0.20158736798317972,2000
0.5,0.5,2.0,0.032,0.02,0.0,0.10079368399158986,0.05039684199579493,0.20158736798317972,2000
0.5,0.5,2.0,0.032,0.035,0.0,0.10079368399158986,0.05039684199579493,0.20158736798317972,2000
0.5,0.5,2.0,0.032,0.05,0.0,0.10079368399158986,0.05039684199579493,0.20158736798317972,2000
0.5,0.5,2.0,0.032,0.07,0.0,0.10079368399158986,0.05039684199579493,0.20158736798317972,2000
0.5,0.5,2.0,0.032,0.1,0.0,0.10079368399158986,0.05039684199579493,0.20158736798317972,2000
0.5,0.5,2.0,0.032,0.14,0.0085,0.10079368399158986,0.05039684199579493,0.20158736798317972,2000
0.5,0.5,2.0,0.032,0.2,0.098,0.10079368399158986,0.05039684199579493,0.20158736798317972,2000
0.5,0.5,2.0,0.032,0.28,0.318,0.10079368399158986,0.05039684199579493,0.20158736798317972,2000
0.5,0.5,2.0,0.032,0.4,0.63,0.10079368399158986,0.05039684199579493,0.20158736798317972,2000
0.5,0.5,2.0,0.032,0.6,0.89,0.10079368399158986,0.05039684199579493,0.20158736798317972,2000
0.5,0.5,2.0,0.032,0.85,0.9825,0.10079368399158986,0.05039684199579493,0.20158736798317972,2000
0.5,0.5,2.0,0.032,1.1,0.996,0.10079368399158986,0.05039684199579493,0.20158736798317972,2000
0.5,0.5,2.0,0.048,0.0,0.0,0.13207708995578507,0.06603854497789254,0.26415417991157014,2000
0.5,0.5,2.0,0.048,0.02,0.0,0.13207708995578507,0.06603854497789254,0.26415417991157014,2000
0.5,0.5,2.0,0.048,0.035,0.0,0.13207708995578507,0.06603854497789254,0.26415417991157014,2000
0.5,0.5,2.0,0.048,0.05,0.0,0.13207708995578507,0.06603854497789254,0.26415417991157014,2000
0.5,0.5,2.0,0.048,0.07,0.0,0.13207708995578507,0.06603854497789254,0.26415417991157014,2000
0.5,0.5,2.0,0.048,0.1,0.0,0.13207708995578507,0.06603854497789254,0.26415417991157014,2000
0.5,0.5,2.0,0.048,0.14,0.0015,0.13207708995578507,0.06603854497789254,0.26415417991157014,2000
0.5,0.5,2.0,0.048,0.2,0.028,0.13207708995578507,0.06603854497789254,0.26415417991157014,2000
0.5,0.5,2.0,0.048,0.28,0.162,0.13207708995578507,0.06603854497789254,0.26415417991157014,2000
0.5,0.5,2.0,0.048,0.4,0.434,0.13207708995578507,0.06603854497789254,0.26415417991157014,2000
0.5,0.5,2.0,0.048,0.6,0.7855,0.13207708995578507,0.06603854497789254,0.26415417991157014,2000
0.5,0.5,2.0,0.048,0.85,0.9425,0.13207708995578507,0.06603854497789254,0.26415417991157014,2000
0.5,0.5,2.0,0.048,1.1,0.9885,0.13207708995578507,0.06603854497789254,0.26415417991157014,2000
0.5,0.5,2.0,0.064,0.0,0.0,0.16000000000000003,0.08000000000000002,0.32000000000000006,2000
0.5,0.5,2.0,0.064,0.02,0.0,0.16000000000000003,0.08000000000000002,0.32000000000000006,2000
0.5,0.5,2.0,0.064,0.035,0.0,0.16000000000000003,0.08000000000000002,0.32000000000000006,2000
0.5,0.5,2.0,0.064,0.05,0.0,0.16000000000000003,0.08000000000000002,0.32000000000000006,2000
0.5,0.5,2.0,0.064,0.07,0.0,0.16000000000000003,0.08000000000000002,0.32000000000000006,2000
0.5,0.5,2.0,0.064,0.1,0.0,0.16000000000000003,0.08000000000000002,0.32000000000000006,2000
0.5,0.5,2.0,0.064,0.14,0.0,0.16000000000000003,0.08000000000000002,0.32000000000000006,2000
0.5,0.5,2.0,0.064,0.2,0.013,0.16000000000000003,0.08000000000000002,0.32000000000000006,2000
0.5,0.5,2.0,0.064,0.28,0.082,0.16000000000000003,0.08000000000000002,0.32000000000000006,2000
0.5,0.5,2.0,0.064,0.4,0.317,0.16000000000000003,0.08000000000000002,0.32000000000000006,2000
0.5,0.5,2.0,0.064,0.6,0.6805,0.16000000000000003,0.08000000000000002,0.32000000000000006,2000
0.5,0.5,2.0,0.064,0.85,0.8875,0.16000000000000003,0.08000000000000002,0.32000000000000006,2000
0.5,0.5,2.0,0.064,1.1,0.9755,0.16000000000000003,0.08000000000000002,0.32000000000000006,2000
0.5,0.25,2.0,0.004,0.0,0.0,0.02519842099789747,0.006299605249474367,0.05039684199579494,2000
0.5,0.25,2.0,0.004,0.02,0.0,0.02519842099789747,0.006299605249474367,0.05039684199579494,2000
0.5,0.25,2.0,0.004,0.035,0.003,0.02519842099789747,0.006299605249474367,0.05039684199579494,2000
0.5,0.25,2.0,0.004,0.05,0.042,0.02519842099789747,0.006299605249474367,0.05039684199579494,2000
0.5,0.25,2.0,0.004,0.07,0.178,0.02519842099789747,0.006299605249474367,0.05039684199579494,2000
0.5,0.25,2.0,0.004,0.1,0.4465,0.02519842099789747,0.006299605249474367,0.05039684199579494,2000
0.5,0.25,2.0,0.004,0.14,0.7095,0.02519842099789747,0.006299605249474367,0.05039684199579494,2000
0.5,0.25,2.0,0.004,0.2,0.915,0.02519842099789747,0.006299605249474367,0.05039684199579494,2000
0.5,0.25,2.0,0.004,0.28,0.978,0.02519842099789747,0.006299605249474367,0.05039684199579494,2000
0.5,0.25,2.0,0.004,0.4,0.9985,0.02519842099789747,0.006299605249474367,0.05039684199579494,2000
0.5,0.25,2.0,0.004,0.6,1.0,0.02519842099789747,0.006299605249474367,0.05039684199579494,2000
0.5,0.25,2.0,0.004,0.85,1.0,0.02519842099789747,0.006299605249474367,0.05039684199579494,2000
0.5,0.25,2.0,0.004,1.1,1.0,0.02519842099789747,0.006299605249474367,0.05039684199579494,2000
0.5,0.25,2.0,0.006,0.0,0.0,0.033019272488946275,0.008254818122236569,0.06603854497789255,2000
0.5,0.25,2.0,0.006,0.02,0.0,0.033019272488946275,0.008254818122236569,0.06603854497789255,2000
0.5,0.25,2.0,0.006,0.035,0.0,0.033019272488946275,0.008254818122236569,0.06603854497789255,2000
0.5,0.25,2.0,0.006,0.05,0.008,0.033019272488946275,0.008254818122236569,0.06603854497789255,2000
0.5,0.25,2.0,0.006,0.07,0.069,0.033019272488946275,0.008254818122236569,0.06603854497789255,2000
0.5,0.25,2.0,0.006,0.1,0.293,0.033019272488946275,0.008254818122236569,0.06603854497789255,2000
0.5,0.25,2.0,0.006,0.14,0.5405,0.033019272488946275,0.008254818122236569,0.06603854497789255,2000
0.5,0.25,2.0,0.006,0.2,0.812,0.033019272488946275,0.008254818122236569,0.06603854497789255,2000
0.5,0.25,2.0,0.006,0.28,0.949,0.033019272488946275,0.008254818122236569,0.06603854497789255,2000
0.5,0.25,2.0,0.006,0.4,0.993,0.033019272488946275,0.008254818122236569,0.06603854497789255,2000
0.5,0.25,2.0,0.006,0.6,1.0,0.033019272488946275,0.008254818122236569,0.06603854497789255,2000
0.5,0.25,2.0,0.006,0.85,1.0,0.033019272488946275,0.008254818122236569,0.06603854497789255,2000
0.5,0.25,2.0,0.006,1.1,1.0,0.033019272488946275,0.008254818122236569,0.06603854497789255,2000
0.5,0.25,2.0,0.008,0.0,0.0,0.04000000000000001,0.010000000000000002,0.08000000000000002,2000
0.5,0.25,2.0,0.008,0.02,0.0,0.04000000000000001,0.010000000000000002,0.08000000000000002,2000
0.5,0.25,2.0,0.008,0.035,0.0,0.04000000000000001,0.010000000000000002,0.08000000000000002,2000
0.5,0.25,2.0,0.008,0.05,0.0015,0.04000000000000001,0.010000000000000002,0.08000000000000002,2000
0.5,0.25,2.0,0.008,0.07,0.029,0.04000000000000001,0.010000000000000002,0.08000000000000002,2000
0.5,0.25,2.0,0.008,0.1,0.1695,0.04000000000000001,0.010000000000000002,0.08000000000000002,2000
0.5,0.25,2.0,0.008,0.14,0.421,0.04000000000000001,0.010000000000000002,0.08000000000000002,2000
0.5,0.25,2.0,0.008,0.2,0.733,0.04000000000000001,0.010000000000000002,0.08000000000000002,2000
0.5,0.25,2.0,0.008,0.28,0.911,0.04000000000000001,0.010000000000000002,0.08000000000000002,2000
0.5,0.25,2.0,0.008,0.4,0.9875,0.04000000000000001,0.010000000000000002,0.08000000000000002,2000
0.5,0.25,2.0,0.008,0.6,0.999,0.04000000000000001,0.010000000000000002,0.08000000000000002,2000
0.5,0.25,2.0,0.008,0.85,1.0,0.04000000000000001,0.010000000000000002,0.08000000000000002,2000
0.5,0.25,2.0,0.008,1.1,1.0,0.04000000000000001,0.010000000000000002,0.08000000000000002,2000
0.5,0.25,2.0,0.012,0.0,0.0,0.05241482788417794,0.013103706971044486,0.10482965576835589,2000
0.5,0.25,2.0,0.012,0.02,0.0,0.05241482788417794,0.013103706971044486,0.10482965576835589,2000
0.5,0.25,2.0,0.012,0.035,0.0,0.05241482788417794,0.013103706971044486,0.10482965576835589,2000
0.5,0.25,2.0,0.012,0.05,0.0,0.05241482788417794,0.013103706971044486,0.10482965576835589,2000
0.5,0.25,2.0,0.012,0.07,0.0075,0.05241482788417794,0.013103706971044486,0.10482965576835589,2000
0.5,0.25,2.0,0.012,0.1,0.078,0.05241482788417794,0.013103706971044486,0.10482965576835589,2000
0.5,0.25,2.0,0.012,0.14,0.248,0.05241482788417794,0.013103706971044486,0.10482965576835589,2000
0.5,0.25,2.0,0.012,0.2,0.559,0.05241482788417794,0.013103706971044486,0.10482965576835589,2000
0.5,0.25,2.0,0.012,0.28,0.802,0.05241482788417794,0.013103706971044486,0.10482965576835589,2000
0.5,0.25,2.0,0.012,0.4,0.956,0.05241482788417794,0.013103706971044486,0.10482965576835589,2000
0.5,0.25,2.0,0.012,0.6,0.998,0.05241482788417794,0.013103706971044486,0.10482965576835589,2000
0.5,0.25,2.0,0.012,0.85,1.0,0.05241482788417794,0.013103706971044486,0.10482965576835589,2000
0.5,0.25,2.0,0.012,1.1,1.0,0.05241482788417794,0.013103706971044486,0.10482965576835589,2000
0.5,0.25,2.0,0.016,0.0,0.0,0.06349604207872799,0.015874010519681996,0.12699208415745597,2000
0.5,0.25,2.0,0.016,0.02,0.0,0.06349604207872799,0.015874010519681996,0.12699208415745597,2000
0.5,0.25,2.0,0.016,0.035,0.0,0.06349604207872799,0.015874010519681996,0.12699208415745597,2000
0.5,0.25,2.0,0.016,0.05,0.0,0.06349604207872799,0.015874010519681996,0.12699208415745597,2000
0.5,0.25,2.0,0.016,0.07,0.001,0.06349604207872799,0.015874010519681996,0.12699208415745597,2000
0.5,0.25,2.0,0.016,0.1,0.031,0.06349604207872799,0.015874010519681996,0.12699208415745597,2000
0.5,0.25,2.0,0.016,0.14,0.1635,0.06349604207872799,0.015874010519681996,0.12699208415745597,2000
0.5,0.25,2.0,0.016,0.2,0.425,0.06349604207872799,0.015874010519681996,0.12699208415745597,2000
0.5,0.25,2.0,0.016,0.28,0.714,0.06349604207872799,0.015874010519681996,0.12699208415745597,2000
0.5,0.25,2.0,0.016,0.4,0.9135,0.06349604207872799,0.015874010519681996,0.12699208415745597,2000
0.5,0.25,2.0,0.016,0.6,0.99,0.06349604207872799,0.015874010519681996,0.12699208415745597,2000
0.5,0.25,2.0,0.016,0.85,0.998,0.06349604207872799,0.015874010519681996,0.12699208415745597,2000
0.5,0.25,2.0,0.016,1.1,1.0,0.06349604207872799,0.015874010519681996,0.12699208415745597,2000
0.5,0.25,2.0,0.024,0.0,0.0,0.08320335292207617,0.020800838230519043,0.16640670584415235,2000
0.5,0.25,2.0,0.024,0.02,0.0,0.08320335292207617,0.020800838230519043,0.16640670584415235,2000
0.5,0.25,2.0,0.024,0.035,0.0,0.08320335292207617,0.020800838230519043,0.16640670584415235,2000
0.5,0.25,2.0,0.024,0.05,0.0,0.08320335292207617,0.020800838230519043,0.16640670584415235,2000
0.5,0.25,2.0,0.024,0.07,0.0005,0.08320335292207617,0.020800838230519043,0.16640670584415235,2000
0.5,0.25,2.0,0.024,0.1,0.003,0.08320335292207617,0.020800838230519043,0.16640670584415235,2000
0.5,0.25,2.0,0.024,0.14,0.0745,0.08320335292207617,0.020800838230519043,0.16640670584415235,2000
0.5,0.25,2.0,0.024,0.2,0.2655,0.08320335292207617,0.020800838230519043,0.16640670584415235,2000
0.5,0.25,2.0,0.024,0.28,0.558,0.08320335292207617,0.020800838230519043,0.16640670584415235,2000
0.5,0.25,2.0,0.024,0.4,0.8125,0.08320335292207617,0.020800838230519043,0.16640670584415235,2000
0.5,0.25,2.0,0.024,0.6,0.967,0.08320335292207617,0.020800838230519043,0.16640670584415235,2000
0.5,0.25,2.0,0.024,0.85,0.995,0.08320335292207617,0.020800838230519043,0.16640670584415235,2000
0.5,0.25,2.0,0.024,1.1,1.0,0.08320335292207617,0.020800838230519043,0.16640670584415235,2000
0.5,0.25,2.0,0.032,0.0,0.0,0.10079368399158986,0.025198420997897465,0.20158736798317972,2000
0.5,0.25,2.0,0.032,0.02,0.0,0.10079368399158986,0.025198420997897465,0.20158736798317972,2000
0.5,0.25,2.0,0.032,0.035,0.0,0.10079368399158986,0.025198420997897465,0.20158736798317972,2000
0.5,0.25,2.0,0.032,0.05,0.0,0.10079368399158986,0.025198420997897465,0.20158736798317972,2000
0.5,0.25,2.0,0.032,0.07,0.0,0.10079368399158986,0.025198420997897465,0.20158736798317972,2000
0.5,0.25,2.0,0.032,0.1,0.001,0.10079368399158986,0.025198420997897465,0.20158736798317972,2000
0.5,0.25,2.0,0.032,0.14,0.034,0.10079368399158986,0.025198420997897465,0.20158736798317972,2000
0.5,0.25,2.0,0.032,0.2,0.16,0.10079368399158986,0.025198420997897465,0.20158736798317972,2000
0.5,0.25,2.0,0.032,0.28,0.4155,0.10079368399158986,0.025198420997897465,0.20158736798317972,2000
0.5,0.25,2.0,0.032,0.4,0.7205,0.10079368399158986,0.025198420997897465,0.20158736798317972,2000
0.5,0.25,2.0,0.032,0.6,0.9325,0.10079368399158986,0.025198420997897465,0.20158736798317972,2000
0.5,0.25,2.0,0.032,0.85,0.9905,0.10079368399158986,0.025198420997897465,0.20158736798317972,2000
0.5,0.25,2.0,0.032,1.1,0.998,0.10079368399158986,0.025198420997897465,0.20158736798317972,2000
0.5,0.25,2.0,0.048,0.0,0.0,0.13207708995578507,0.03301927248894627,0.26415417991157014,2000
0.5,0.25,2.0,0.048,0.02,0.0,0.13207708995578507,0.03301927248894627,0.26415417991157014,2000
0.5,0.25,2.0,0.048,0.035,0.0,0.13207708995578507,0.03301927248894627,0.26415417991157014,2000
0.5,0.25,2.0,0.048,0.05,0.0,0.13207708995578507,0.03301927248894627,0.26415417991157014,2000
0.5,0.25,2.0,0.048,0.07,0.0,0.13207708995578507,0.03301927248894627,0.26415417991157014,2000
0.5,0.25,2.0,0.048,0.1,0.0,0.13207708995578507,0.03301927248894627,0.26415417991157014,2000
0.5,0.25,2.0,0.048,0.14,0.0065,0.13207708995578507,0.03301927248894627,0.26415417991157014,2000
0.5,0.25,2.0,0.048,0.2,0.076,0.13207708995578507,0.03301927248894627,0.26415417991157014,2000
0.5,0.25,2.0,0.048,0.28,0.268,0.13207708995578507,0.03301927248894627,0.26415417991157014,2000
0.5,0.25,2.0,0.048,0.4,0.5385,0.13207708995578507,0.03301927248894627,0.26415417991157014,2000
0.5,0.25,2.0,0.048,0.6,0.8555,0.13207708995578507,0.03301927248894627,0.26415417991157014,2000
0.5,0.25,2.0,0.048,0.85,0.963,0.13207708995578507,0.03301927248894627,0.26415417991157014,2000
0.5,0.25,2.0,0.048,1.1,0.9905,0.13207708995578507,0.03301927248894627,0.26415417991157014,2000
0.5,0.25,2.0,0.064,0.0,0.0,0.16000000000000003,0.04000000000000001,0.32000000000000006,2000
0.5,0.25,2.0,0.064,0.02,0.0,0.16000000000000003,0.04000000000000001,0.32000000000000006,2000
0.5,0.25,2.0,0.064,0.035,0.0,0.16000000000000003,0.04000000000000001,0.32000000000000006,2000
0.5,0.25,2.0,0.064,0.05,0.0,0.16000000000000003,0.04000000000000001,0.32000000000000006,2000
0.5,0.25,2.0,0.064,0.07,0.0,0.16000000000000003,0.04000000000000001,0.32000000000000006,2000
0.5,0.25,2.0,0.064,0.1,0.0,0.16000000000000003,0.04000000000000001,0.32000000000000006,2000
0.5,0.25,2.0,0.064,0.14,0.001,0.16000000000000003,0.04000000000000001,0.32000000000000006,2000
0.5,0.25,2.0,0.064,0.2,0.0325,0.16000000000000003,0.04000000000000001,0.32000000000000006,2000
0.5,0.25,2.0,0.064,0.28,0.16,0.16000000000000003,0.04000000000000001,0.32000000000000006,2000
0.5,0.25,2.0,0.064,0.4,0.4335,0.16000000000000003,0.04000000000000001,0.32000000000000006,2000
0.5,0.25,2.0,0.064,0.6,0.7385,0.16000000000000003,0.04000000000000001,0.32000000000000006,2000
0.5,0.25,2.0,0.064,0.85,0.95,0.16000000000000003,0.04000000000000001,0.32000000000000006,2000
0.5,0.25,2.0,0.064,1.1,0.9815,0.16000000000000003,0.04000000000000001,0.32000000000000006,2000
0.5,0.5,3.0,0.004,0.0,0.0,0.02519842099789747,0.012599210498948734,0.0755952629936924,2000
0.5,0.5,3.0,0.004,0.02,0.0,0.02519842099789747,0.012599210498948734,0.0755952629936924,2000
0.5,0.5,3.0,0.004,0.035,0.0,0.02519842099789747,0.012599210498948734,0.0755952629936924,2000
0.5,0.5,3.0,0.004,0.05,0.007,0.02519842099789747,0.012599210498948734,0.0755952629936924,2000
0.5,0.5,3.0,0.004,0.07,0.0885,0.02519842099789747,0.012599210498948734,0.0755952629936924,2000
0.5,0.5,3.0,0.004,0.1,0.3245,0.02519842099789747,0.012599210498948734,0.0755952629936924,2000
0.5,0.5,3.0,0.004,0.14,0.6635,0.02519842099789747,0.012599210498948734,0.0755952629936924,2000
0.5,0.5,3.0,0.004,0.2,0.912,0.02519842099789747,0.012599210498948734,0.0755952629936924,2000
0.5,0.5,3.0,0.004,0.28,0.99,0.02519842099789747,0.012599210498948734,0.0755952629936924,2000
0.5,0.5,3.0,0.004,0.4,0.9985,0.02519842099789747,0.012599210498948734,0.0755952629936924,2000
0.5,0.5,3.0,0.004,0.6,1.0,0.02519842099789747,0.012599210498948734,0.0755952629936924,2000
0.5,0.5,3.0,0.004,0.85,1.0,0.02519842099789747,0.012599210498948734,0.0755952629936924,2000
0.5,0.5,3.0,0.004,1.1,1.0,0.02519842099789747,0.012599210498948734,0.0755952629936924,2000
0.5,0.5,3.0,0.006,0.0,0.0,0.033019272488946275,0.016509636244473137,0.09905781746683882,2000
0.5,0.5,3.0,0.006,0.02,0.0,0.033019272488946275,0.016509636244473137,0.09905781746683882,2000
0.5,0.5,3.0,0.006,0.035,0.0,0.033019272488946275,0.016509636244473137,0.09905781746683882,2000
0.5,0.5,3.0,0.006,0.05,0.0015,0.033019272488946275,0.016509636244473137,0.09905781746683882,2000
0.5,0.5,3.0,0.006,0.07,0.029,0.033019272488946275,0.016509636244473137,0.09905781746683882,2000
0.5,0.5,3.0,0.006,0.1,0.185,0.033019272488946275,0.016509636244473137,0.09905781746683882,2000
0.5,0.5,3.0,0.006,0.14,0.467,0.033019272488946275,0.016509636244473137,0.09905781746683882,2000
0.5,0.5,3.0,0.006,0.2,0.7925,0.033019272488946275,0.016509636244473137,0.09905781746683882,2000
0.5,0.5,3.0,0.006,0.28,0.9575,0.033019272488946275,0.016509636244473137,0.09905781746683882,2000
0.5,0.5,3.0,0.006,0.4,0.9945,0.033019272488946275,0.016509636244473137,0.09905781746683882,2000
0.5,0.5,3.0,0.006,0.6,1.0,0.033019272488946275,0.016509636244473137,0.09905781746683882,2000
0.5,0.5,3.0,0.006,0.85,1.0,0.033019272488946275,0.016509636244473137,0.09905781746683882,2000
0.5,0.5,3.0,0.006,1.1,1.0,0.033019272488946275,0.016509636244473137,0.09905781746683882,2000
0.5,0.5,3.0,0.008,0.0,0.0,0.04000000000000001,0.020000000000000004,0.12000000000000002,2000
0.5,0.5,3.0,0.008,0.02,0.0,0.04000000000000001,0.020000000000000004,0.12000000000000002,2000
0.5,0.5,3.0,0.008,0.035,0.0,0.04000000000000001,0.020000000000000004,0.12000000000000002,2000
0.5,0.5,3.0,0.008,0.05,0.0,0.04000000000000001,0.020000000000000004,0.12000000000000002,2000
0.5,0.5,3.0,0.008,0.07,0.0105,0.04000000000000001,0.020000000000000004,0.12000000000000002,2000
0.5,0.5,3.0,0.008,0.1,0.1,0.04000000000000001,0.020000000000000004,0.12000000000000002,2000
0.5,0.5,3.0,0.008,0.14,0.335,0.04000000000000001,0.020000000000000004,0.12000000000000002,2000
0.5,0.5,3.0,0.008,0.2,0.6655,0.04000000000000001,0.020000000000000004,0.12000000000000002,2000
0.5,0.5,3.0,0.008,0.28,0.893,0.04000000000000001,0.020000000000000004,0.12000000000000002,2000
0.5,0.5,3.0,0.008,0.4,0.9885,0.04000000000000001,0.020000000000000004,0.12000000000000002,2000
0.5,0.5,3.0,0.008,0.6,0.9995,0.04000000000000001,0.020000000000000004,0.12000000000000002,2000
0.5,0.5,3.0,0.008,0.85,0.9995,0.04000000000000001,0.020000000000000004,0.12000000000000002,2000
0.5,0.5,3.0,0.008,1.1,1.0,0.04000000000000001,0.020000000000000004,0.12000000000000002,2000
0.5,0.5,3.0,0.012,0.0,0.0,0.05241482788417794,0.02620741394208897,0.15724448365253382,2000
0.5,0.5,3.0,0.012,0.02,0.0,0.05241482788417794,0.02620741394208897,0.15724448365253382,2000
0.5,0.5,3.0,0.012,0.035,0.0,0.05241482788417794,0.02620741394208897,0.15724448365253382,2000
0.5,0.5,3.0,0.012,0.05,0.0,0.05241482788417794,0.02620741394208897,0.15724448365253382,2000
0.5,0.5,3.0,0.012,0.07,0.0015,0.05241482788417794,0.02620741394208897,0.15724448365253382,2000
0.5,0.5,3.0,0.012,0.1,0.031,0.05241482788417794,0.02620741394208897,0.15724448365253382,2000
0.5,0.5,3.0,0.012,0.14,0.184,0.05241482788417794,0.02620741394208897,0.15724448365253382,2000
0.5,0.5,3.0,0.012,0.2,0.5,0.05241482788417794,0.02620741394208897,0.15724448365253382,2000
0.5,0.5,3.0,0.012,0.28,0.7745,0.05241482788417794,0.02620741394208897,0.15724448365253382,2000
0.5,0.5,3.0,0.012,0.4,0.9495,0.05241482788417794,0.02620741394208897,0.15724448365253382,2000
0.5,0.5,3.0,0.012,0.6,0.999,0.05241482788417794,0.02620741394208897,0.15724448365253382,2000
0.5,0.5,3.0,0.012,0.85,1.0,0.05241482788417794,0.02620741394208897,0.15724448365253382,2000
0.5,0.5,3.0,0.012,1.1,1.0,0.05241482788417794,0.02620741394208897,0.15724448365253382,2000
0.5,0.5,3.0,0.016,0.0,0.0,0.06349604207872799,0.03174802103936399,0.19048812623618394,2000
0.5,0.5,3.0,0.016,0.02,0.0,0.06349604207872799,0.03174802103936399,0.19048812623618394,2000
0.5,0.5,3.0,0.016,0.035,0.0,0.06349604207872799,0.03174802103936399,0.19048812623618394,2000
0.5,0.5,3.0,0.016,0.05,0.0,0.06349604207872799,0.03174802103936399,0.19048812623618394,2000
0.5,0.5,3.0,0.016,0.07,0.0,0.06349604207872799,0.03174802103936399,0.19048812623618394,2000
0.5,0.5,3.0,0.016,0.1,0.0095,0.06349604207872799,0.03174802103936399,0.19048812623618394,2000
0.5,0.5,3.0,0.016,0.14,0.1095,0.06349604207872799,0.03174802103936399,0.19048812623618394,2000
0.5,0.5,3.0,0.016,0.2,0.3405,0.06349604207872799,0.03174802103936399,0.19048812623618394,2000
0.5,0.5,3.0,0.016,0.28,0.659,0.06349604207872799,0.03174802103936399,0.19048812623618394,2000
0.5,0.5,3.0,0.016,0.4,0.9015,0.06349604207872799,0.03174802103936399,0.19048812623618394,2000
0.5,0.5,3.0,0.016,0.6,0.9935,0.06349604207872799,0.03174802103936399,0.19048812623618394,2000
0.5,0.5,3.0,0.016,0.85,0.9995,0.06349604207872799,0.03174802103936399,0.19048812623618394,2000
0.5,0.5,3.0,0.016,1.1,1.0,0.06349604207872799,0.03174802103936399,0.19048812623618394,2000
0.5,0.5,3.0,0.024,0.0,0.0,0.08320335292207617,0.04160167646103809,0.24961005876622852,2000
0.5,0.5,3.0,0.024,0.02,0.0,0.08320335292207617,0.04160167646103809,0.24961005876622852,2000
0.5,0.5,3.0,0.024,0.035,0.0,0.08320335292207617,0.04160167646103809,0.24961005876622852,2000
0.5,0.5,3.0,0.024,0.05,0.0,0.08320335292207617,0.04160167646103809,0.24961005876622852,2000
0.5,0.5,3.0,0.024,0.07,0.0,0.08320335292207617,0.04160167646103809,0.24961005876622852,2000
0.5,0.5,3.0,0.024,0.1,0.001,0.08320335292207617,0.04160167646103809,0.24961005876622852,2000
0.5,0.5,3.0,0.024,0.14,0.0255,0.08320335292207617,0.04160167646103809,0.24961005876622852,2000
0.5,0.5,3.0,0.024,0.2,0.1755,0.08320335292207617,0.04160167646103809,0.24961005876622852,2000
0.5,0.5,3.0,0.024,0.28,0.449,0.08320335292207617,0.04160167646103809,0.24961005876622852,2000
0.5,0.5,3.0,0.024,0.4,0.7845,0.08320335292207617,0.04160167646103809,0.24961005876622852,2000
0.5,0.5,3.0,0.024,0.6,0.9645,0.08320335292207617,0.04160167646103809,0.24961005876622852,2000
0.5,0.5,3.0,0.024,0.85,0.999,0.08320335292207617,0.04160167646103809,0.24961005876622852,2000
0.5,0.5,3.0,0.024,1.1,0.9995,0.08320335292207617,0.04160167646103809,0.24961005876622852,2000
0.5,0.5,3.0,0.032,0.0,0.0,0.10079368399158986,0.05039684199579493,0.3023810519747696,2000
0.5,0.5,3.0,0.032,0.02,0.0,0.10079368399158986,0.05039684199579493,0.3023810519747696,2000
0.5,0.5,3.0,0.032,0.035,0.0,0.10079368399158986,0.05039684199579493,0.3023810519747696,2000
0.5,0.5,3.0,0.032,0.05,0.0,0.10079368399158986,0.05039684199579493,0.3023810519747696,2000
0.5,0.5,3.0,0.032,0.07,0.0,0.10079368399158986,0.05039684199579493,0.3023810519747696,2000
0.5,0.5,3.0,0.032,0.1,0.0,0.10079368399158986,0.05039684199579493,0.3023810519747696,2000
0.5,0.5,3.0,0.032,0.14,0.0075,0.10079368399158986,0.05039684199579493,0.3023810519747696,2000
0.5,0.5,3.0,0.032,0.2,0.0775,0.10079368399158986,0.05039684199579493,0.3023810519747696,2000
0.5,0.5,3.0,0.032,0.28,0.3255,0.10079368399158986,0.05039684199579493,0.3023810519747696,2000
0.5,0.5,3.0,0.032,0.4,0.6765,0.10079368399158986,0.05039684199579493,0.3023810519747696,2000
0.5,0.5,3.0,0.032,0.6,0.929,0.10079368399158986,0.05039684199579493,0.3023810519747696,2000
0.5,0.5,3.0,0.032,0.85,0.99,0.10079368399158986,0.05039684199579493,0.3023810519747696,2000
0.5,0.5,3.0,0.032,1.1,1.0,0.10079368399158986,0.05039684199579493,0.3023810519747696,2000
0.5,0.5,3.0,0.048,0.0,0.0,0.13207708995578507,0.06603854497789254,0.39623126986735524,2000
0.5,0.5,3.0,0.048,0.02,0.0,0.13207708995578507,0.06603854497789254,0.39623126986735524,2000
0.5,0.5,3.0,0.048,0.035,0.0,0.13207708995578507,0.06603854497789254,0.39623126986735524,2000
0.5,0.5,3.0,0.048,0.05,0.0,0.13207708995578507,0.06603854497789254,0.39623126986735524,2000
0.5,0.5,3.0,0.048,0.07,0.0,0.13207708995578507,0.06603854497789254,0.39623126986735524,2000
0.5,0.5,3.0,0.048,0.1,0.0,0.13207708995578507,0.06603854497789254,0.39623126986735524,2000
0.5,0.5,3.0,0.048,0.14,0.001,0.13207708995578507,0.06603854497789254,0.39623126986735524,2000
0.5,0.5,3.0,0.048,0.2,0.0315,0.13207708995578507,0.06603854497789254,0.39623126986735524,2000
0.5,0.5,3.0,0.048,0.28,0.1685,0.13207708995578507,0.06603854497789254,0.39623126986735524,2000
0.5,0.5,3.0,0.048,0.4,0.4595,0.13207708995578507,0.06603854497789254,0.39623126986735524,2000
0.5,0.5,3.0,0.048,0.6,0.8105,0.13207708995578507,0.06603854497789254,0.39623126986735524,2000
0.5,0.5,3.0,0.048,0.85,0.959,0.13207708995578507,0.06603854497789254,0.39623126986735524,2000
0.5,0.5,3.0,0.048,1.1,0.99,0.13207708995578507,0.06603854497789254,0.39623126986735524,2000
0.5,0.5,3.0,0.064,0.0,0.0,0.16000000000000003,0.08000000000000002,0.4800000000000001,2000
0.5,0.5,3.0,0.064,0.02,0.0,0.16000000000000003,0.08000000000000002,0.4800000000000001,2000
0.5,0.5,3.0,0.064,0.035,0.0,0.16000000000000003,0.08000000000000002,0.4800000000000001,2000
0.5,0.5,3.0,0.064,0.05,0.0,0.16000000000000003,0.08000000000000002,0.4800000000000001,2000
0.5,0.5,3.0,0.064,0.07,0.0,0.16000000000000003,0.08000000000000002,0.4800000000000001,2000
0.5,0.5,3.0,0.064,0.1,0.0,0.16000000000000003,0.08000000000000002,0.4800000000000001,2000
0.5,0.5,3.0,0.064,0.14,0.001,0.16000000000000003,0.08000000000000002,0.4800000000000001,2000
0.5,0.5,3.0,0.064,0.2,0.012,0.16000000000000003,0.08000000000000002,0.4800000000000001,2000
0.5,0.5,3.0,0.064,0.28,0.099,0.16000000000000003,0.08000000000000002,0.4800000000000001,2000
0.5,0.5,3.0,0.064,0.4,0.3325,0.16000000000000003,0.08000000000000002,0.4800000000000001,2000
0.5,0.5,3.0,0.064,0.6,0.7065,0.16000000000000003,0.08000000000000002,0.4800000000000001,2000
0.5,0.5,3.0,0.064,0.85,0.9285,0.16000000000000003,0.08000000000000002,0.4800000000000001,2000
0.5,0.5,3.0,0.064,1.1,0.983,0.16000000000000003,0.08000000000000002,0.4800000000000001,2000
0.75,0.5,2.0,0.004,0.0,0.0,0.02519842099789747,0.012599210498948734,0.05039684199579494,2000
0.75,0.5,2.0,0.004,0.02,0.0,0.02519842099789747,0.012599210498948734,0.05039684199579494,2000
0.75,0.5,2.0,0.004,0.035,0.0,0.02519842099789747,0.012599210498948734,0.05039684199579494,2000
0.75,0.5,2.0,0.004,0.05,0.003,0.02519842099789747,0.012599210498948734,0.05039684199579494,2000
0.75,0.5,2.0,0.004,0.07,0.0495,0.02519842099789747,0.012599210498948734,0.05039684199579494,2000
0.75,0.5,2.0,0.004,0.1,0.261,0.02519842099789747,0.012599210498948734,0.05039684199579494,2000
0.75,0.5,2.0,0.004,0.14,0.552,0.02519842099789747,0.012599210498948734,0.05039684199579494,2000
0.75,0.5,2.0,0.004,0.2,0.82,0.02519842099789747,0.012599210498948734,0.05039684199579494,2000
0.75,0.5,2.0,0.004,0.28,0.964,0.02519842099789747,0.012599210498948734,0.05039684199579494,2000
0.75,0.5,2.0,0.004,0.4,0.9955,0.02519842099789747,0.012599210498948734,0.05039684199579494,2000
0.75,0.5,2.0,0.004,0.6,0.9995,0.02519842099789747,0.012599210498948734,0.05039684199579494,2000
0.75,0.5,2.0,0.004,0.85,1.0,0.02519842099789747,0.012599210498948734,0.05039684199579494,2000
0.75,0.5,2.0,0.004,1.1,1.0,0.02519842099789747,0.012599210498948734,0.05039684199579494,2000
0.75,0.5,2.0,0.006,0.0,0.0,0.033019272488946275,0.016509636244473137,0.06603854497789255,2000
0.75,0.5,2.0,0.006,0.02,0.0,0.033019272488946275,0.016509636244473137,0.06603854497789255,2000
0.75,0.5,2.0,0.006,0.035,0.0,0.033019272488946275,0.016509636244473137,0.06603854497789255,2000
0.75,0.5,2.0,0.006,0.05,0.0,0.033019272488946275,0.016509636244473137,0.06603854497789255,2000
0.75,0.5,2.0,0.006,0.07,0.012,0.033019272488946275,0.016509636244473137,0.06603854497789255,2000
0.75,0.5,2.0,0.006,0.1,0.117,0.033019272488946275,0.016509636244473137,0.06603854497789255,2000
0.75,0.5,2.0,0.006,0.14,0.352,0.033019272488946275,0.016509636244473137,0.06603854497789255,2000
0.75,0.5,2.0,0.006,0.2,0.6835,0.033019272488946275,0.016509636244473137,0.06603854497789255,2000
0.75,0.5,2.0,0.006,0.28,0.882,0.033019272488946275,0.016509636244473137,0.06603854497789255,2000
0.75,0.5,2.0,0.006,0.4,0.985,0.033019272488946275,0.016509636244473137,0.06603854497789255,2000
0.75,0.5,2.0,0.006,0.6,1.0,0.033019272488946275,0.016509636244473137,0.06603854497789255,2000
0.75,0.5,2.0,0.006,0.85,1.0,0.033019272488946275,0.016509636244473137,0.06603854497789255,2000
0.75,0.5,2.0,0.006,1.1,1.0,0.033019272488946275,0.016509636244473137,0.06603854497789255,2000
0.75,0.5,2.0,0.008,0.0,0.0,0.04000000000000001,0.020000000000000004,0.08000000000000002,2000
0.75,0.5,2.0,0.008,0.02,0.0,0.04000000000000001,0.020000000000000004,0.08000000000000002,2000
0.75,0.5,2.0,0.008,0.035,0.0,0.04000000000000001,0.020000000000000004,0.08000000000000002,2000
0.75,0.5,2.0,0.008,0.05,0.0,0.04000000000000001,0.020000000000000004,0.08000000000000002,2000
0.75,0.5,2.0,0.008,0.07,0.0065,0.04000000000000001,0.020000000000000004,0.08000000000000002,2000
0.75,0.5,2.0,0.008,0.1,0.0585,0.04000000000000001,0.020000000000000004,0.08000000000000002,2000
0.75,0.5,2.0,0.008,0.14,0.2395,0.04000000000000001,0.020000000000000004,0.08000000000000002,2000
0.75,0.5,2.0,0.008,0.2,0.538,0.04000000000000001,0.020000000000000004,0.08000000000000002,2000
0.75,0.5,2.0,0.008,0.28,0.821,0.04000000000000001,0.020000000000000004,0.08000000000000002,2000
0.75,0.5,2.0,0.008,0.4,0.96,0.04000000000000001,0.020000000000000004,0.08000000000000002,2000
0.75,0.5,2.0,0.008,0.6,0.9975,0.04000000000000001,0.020000000000000004,0.08000000000000002,2000
0.75,0.5,2.0,0.008,0.85,1.0,0.04000000000000001,0.020000000000000004,0.08000000000000002,2000
0.75,0.5,2.0,0.008,1.1,1.0,0.04000000000000001,0.020000000000000004,0.08000000000000002,2000
0.75,0.5,2.0,0.012,0.0,0.0,0.05241482788417794,0.02620741394208897,0.10482965576835589,2000
0.75,0.5,2.0,0.012,0.02,0.0,0.05241482788417794,0.02620741394208897,0.10482965576835589,2000
0.75,0.5,2.0,0.012,0.035,0.0,0.05241482788417794,0.02620741394208897,0.10482965576835589,2000
0.75,0.5,2.0,0.012,0.05,0.0,0.05241482788417794,0.02620741394208897,0.10482965576835589,2000
0.75,0.5,2.0,0.012,0.07,0.001,0.05241482788417794,0.02620741394208897,0.10482965576835589,2000
0.75,0.5,2.0,0.012,0.1,0.013,0.05241482788417794,0.02620741394208897,0.10482965576835589,2000
0.75,0.5,2.0,0.012,0.14,0.1045,0.05241482788417794,0.02620741394208897,0.10482965576835589,2000
0.75,0.5,2.0,0.012,0.2,0.3485,0.05241482788417794,0.02620741394208897,0.10482965576835589,2000
0.75,0.5,2.0,0.012,0.28,0.6515,0.05241482788417794,0.02620741394208897,0.10482965576835589,2000
0.75,0.5,2.0,0.012,0.4,0.9075,0.05241482788417794,0.02620741394208897,0.10482965576835589,2000
0.75,0.5,2.0,0.012,0.6,0.984,0.05241482788417794,0.02620741394208897,0.10482965576835589,2000
0.75,0.5,2.0,0.012,0.85,0.9995,0.05241482788417794,0.02620741394208897,0.10482965576835589,2000
0.75,0.5,2.0,0.012,1.1,1.0,0.05241482788417794,0.02620741394208897,0.10482965576835589,2000
0.75,0.5,2.0,0.016,0.0,0.0,0.06349604207872799,0.03174802103936399,0.12699208415745597,2000
0.75,0.5,2.0,0.016,0.02,0.0,0.06349604207872799,0.03174802103936399,0.12699208415745597,2000
0.75,0.5,2.0,0.016,0.035,0.0,0.06349604207872799,0.03174802103936399,0.12699208415745597,2000
0.75,0.5,2.0,0.016,0.05,0.0,0.06349604207872799,0.03174802103936399,0.12699208415745597,2000
0.75,0.5,2.0,0.016,0.07,0.0,0.06349604207872799,0.03174802103936399,0.12699208415745597,2000
0.75,0.5,2.0,0.016,0.1,0.0025,0.06349604207872799,0.03174802103936399,0.12699208415745597,2000
0.75,0.5,2.0,0.016,0.14,0.0585,0.06349604207872799,0.03174802103936399,0.12699208415745597,2000
0.75,0.5,2.0,0.016,0.2,0.244,0.06349604207872799,0.03174802103936399,0.12699208415745597,2000
0.75,0.5,2.0,0.016,0.28,0.5415,0.06349604207872799,0.03174802103936399,0.12699208415745597,2000
0.75,0.5,2.0,0.016,0.4,0.827,0.06349604207872799,0.03174802103936399,0.12699208415745597,2000
0.75,0.5,2.0,0.016,0.6,0.9745,0.06349604207872799,0.03174802103936399,0.12699208415745597,2000
0.75,0.5,2.0,0.016,0.85,0.998,0.06349604207872799,0.03174802103936399,0.12699208415745597,2000
0.75,0.5,2.0,0.016,1.1,1.0,0.06349604207872799,0.03174802103936399,0.12699208415745597,2000
0.75,0.5,2.0,0.024,0.0,0.0,0.08320335292207617,0.04160167646103809,0.16640670584415235,2000
0.75,0.5,2.0,0.024,0.02,0.0,0.08320335292207617,0.04160167646103809,0.16640670584415235,2000
0.75,0.5,2.0,0.024,0.035,0.0,0.08320335292207617,0.04160167646103809,0.16640670584415235,2000
0.75,0.5,2.0,0.024,0.05,0.0,0.08320335292207617,0.04160167646103809,0.16640670584415235,2000
0.75,0.5,2.0,0.024,0.07,0.0,0.08320335292207617,0.04160167646103809,0.16640670584415235,2000
0.75,0.5,2.0,0.024,0.1,0.0005,0.08320335292207617,0.04160167646103809,0.16640670584415235,2000
0.75,0.5,2.0,0.024,0.14,0.0175,0.08320335292207617,0.04160167646103809,0.16640670584415235,2000
0.75,0.5,2.0,0.024,0.2,0.115,0.08320335292207617,0.04160167646103809,0.16640670584415235,2000
0.75,0.5,2.0,0.024,0.28,0.3475,0.08320335292207617,0.04160167646103809,0.16640670584415235,2000
0.75,0.5,2.0,0.024,0.4,0.6675,0.08320335292207617,0.04160167646103809,0.16640670584415235,2000
0.75,0.5,2.0,0.024,0.6,0.9235,0.08320335292207617,0.04160167646103809,0.16640670584415235,2000
0.75,0.5,2.0,0.024,0.85,0.9885,0.08320335292207617,0.04160167646103809,0.16640670584415235,2000
0.75,0.5,2.0,0.024,1.1,0.999,0.08320335292207617,0.04160167646103809,0.16640670584415235,2000
0.75,0.5,2.0,0.032,0.0,0.0,0.10079368399158986,0.05039684199579493,0.20158736798317972,2000
0.75,0.5,2.0,0.032,0.02,0.0,0.10079368399158986,0.05039684199579493,0.20158736798317972,2000
0.75,0.5,2.0,0.032,0.035,0.0,0.10079368399158986,0.05039684199579493,0.20158736798317972,2000
0.75,0.5,2.0,0.032,0.05,0.0,0.10079368399158986,0.05039684199579493,0.20158736798317972,2000
0.75,0.5,2.0,0.032,0.07,0.0,0.10079368399158986,0.05039684199579493,0.20158736798317972,2000
0.75,0.5,2.0,0.032,0.1,0.0,0.10079368399158986,0.05039684199579493,0.20158736798317972,2000
0.75,0.5,2.0,0.032,0.14,0.005,0.10079368399158986,0.05039684199579493,0.20158736798317972,2000
0.75,0.5,2.0,0.032,0.2,0.0575,0.10079368399158986,0.05039684199579493,0.20158736798317972,2000
0.75,0.5,2.0,0.032,0.28,0.241,0.10079368399158986,0.05039684199579493,0.20158736798317972,2000
0.75,0.5,2.0,0.032,0.4,0.54,0.10079368399158986,0.05039684199579493,0.20158736798317972,2000
0.75,0.5,2.0,0.032,0.6,0.851,0.10079368399158986,0.05039684199579493,0.20158736798317972,2000
0.75,0.5,2.0,0.032,0.85,0.9725,0.10079368399158986,0.05039684199579493,0.20158736798317972,2000
0.75,0.5,2.0,0.032,1.1,0.999,0.10079368399158986,0.05039684199579493,0.20158736798317972,2000
0.75,0.5,2.0,0.048,0.0,0.0,0.13207708995578507,0.06603854497789254,0.26415417991157014,2000
0.75,0.5,2.0,0.048,0.02,0.0,0.13207708995578507,0.06603854497789254,0.26415417991157014,2000
0.75,0.5,2.0,0.048,0.035,0.0,0.13207708995578507,0.06603854497789254,0.26415417991157014,2000
0.75,0.5,2.0,0.048,0.05,0.0,0.13207708995578507,0.06603854497789254,0.26415417991157014,2000
0.75,0.5,2.0,0.048,0.07,0.0,0.13207708995578507,0.06603854497789254,0.26415417991157014,2000
0.75,0.5,2.0,0.048,0.1,0.0,0.13207708995578507,0.06603854497789254,0.26415417991157014,2000
0.75,0.5,2.0,0.048,0.14,0.0,0.13207708995578507,0.06603854497789254,0.26415417991157014,2000
0.75,0.5,2.0,0.048,0.2,0.0195,0.13207708995578507,0.06603854497789254,0.26415417991157014,2000
0.75,0.5,2.0,0.048,0.28,0.1125,0.13207708995578507,0.06603854497789254,0.26415417991157014,2000
0.75,0.5,2.0,0.048,0.4,0.349,0.13207708995578507,0.06603854497789254,0.26415417991157014,2000
0.75,0.5,2.0,0.048,0.6,0.7265,0.13207708995578507,0.06603854497789254,0.26415417991157014,2000
0.75,0.5,2.0,0.048,0.85,0.922,0.13207708995578507,0.06603854497789254,0.26415417991157014,2000
0.75,0.5,2.0,0.048,1.1,0.9795,0.13207708995578507,0.06603854497789254,0.26415417991157014,2000
0.75,0.5,2.0,0.064,0.0,0.0,0.16000000000000003,0.08000000000000002,0.32000000000000006,2000
0.75,0.5,2.0,0.064,0.02,0.0,0.16000000000000003,0.08000000000000002,0.32000000000000006,2000
0.75,0.5,2.0,0.064,0.035,0.0,0.16000000000000003,0.08000000000000002,0.32000000000000006,2000
0.75,0.5,2.0,0.064,0.05,0.0,0.16000000000000003,0.08000000000000002,0.32000000000000006,2000
0.75,0.5,2.0,0.064,0.07,0.0,0.16000000000000003,0.08000000000000002,0.32000000000000006,2000
0.75,0.5,2.0,0.064,0.1,0.0,0.16000000000000003,0.08000000000000002,0.32000000000000006,2000
0.75,0.5,2.0,0.064,0.14,0.0,0.16000000000000003,0.08000000000000002,0.32000000000000006,2000
0.75,0.5,2.0,0.064,0.2,0.006,0.16000000000000003,0.08000000000000002,0.32000000000000006,2000
0.75,0.5,2.0,0.064,0.28,0.0585,0.16000000000000003,0.08000000000000002,0.32000000000000006,2000
0.75,0.5,2.0,0.064,0.4,0.2525,0.16000000000000003,0.08000000000000002,0.32000000000000006,2000
0.75,0.5,2.0,0.064,0.6,0.608,0.16000000000000003,0.08000000000000002,0.32000000000000006,2000
0.75,0.5,2.0,0.064,0.85,0.8415,0.16000000000000003,0.08000000000000002,0.32000000000000006,2000
0.75,0.5,2.0,0.064,1.1,0.955,0.16000000000000003,0.08000000000000002,0.32000000000000006,2000
0.75,0.25,2.0,0.004,0.0,0.0,0.02519842099789747,0.006299605249474367,0.05039684199579494,2000
0.75,0.25,2.0,0.004,0.02,0.0,0.02519842099789747,0.006299605249474367,0.05039684199579494,2000
0.75,0.25,2.0,0.004,0.035,0.0005,0.02519842099789747,0.006299605249474367,0.05039684199579494,2000
0.75,0.25,2.0,0.004,0.05,0.02,0.02519842099789747,0.006299605249474367,0.05039684199579494,2000
0.75,0.25,2.0,0.004,0.07,0.115,0.02519842099789747,0.006299605249474367,0.05039684199579494,2000
0.75,0.25,2.0,0.004,0.1,0.352,0.02519842099789747,0.006299605249474367,0.05039684199579494,2000
0.75,0.25,2.0,0.004,0.14,0.636,0.02519842099789747,0.006299605249474367,0.05039684199579494,2000
0.75,0.25,2.0,0.004,0.2,0.874,0.02519842099789747,0.006299605249474367,0.05039684199579494,2000
0.75,0.25,2.0,0.004,0.28,0.978,0.02519842099789747,0.006299605249474367,0.05039684199579494,2000
0.75,0.25,2.0,0.004,0.4,0.9975,0.02519842099789747,0.006299605249474367,0.05039684199579494,2000
0.75,0.25,2.0,0.004,0.6,1.0,0.02519842099789747,0.006299605249474367,0.05039684199579494,2000
0.75,0.25,2.0,0.004,0.85,1.0,0.02519842099789747,0.006299605249474367,0.05039684199579494,2000
0.75,0.25,2.0,0.004,1.1,1.0,0.02519842099789747,0.006299605249474367,0.05039684199579494,2000
0.75,0.25,2.0,0.006,0.0,0.0,0.033019272488946275,0.008254818122236569,0.06603854497789255,2000
0.75,0.25,2.0,0.006,0.02,0.0,0.033019272488946275,0.008254818122236569,0.06603854497789255,2000
0.75,0.25,2.0,0.006,0.035,0.0,0.033019272488946275,0.008254818122236569,0.06603854497789255,2000
0.75,0.25,2.0,0.006,0.05,0.0055,0.033019272488946275,0.008254818122236569,0.06603854497789255,2000
0.75,0.25,2.0,0.006,0.07,0.0465,0.033019272488946275,0.008254818122236569,0.06603854497789255,2000
0.75,0.25,2.0,0.006,0.1,0.206,0.033019272488946275,0.008254818122236569,0.06603854497789255,2000
0.75,0.25,2.0,0.006,0.14,0.4585,0.033019272488946275,0.008254818122236569,0.06603854497789255,2000
0.75,0.25,2.0,0.006,0.2,0.7325,0.033019272488946275,0.008254818122236569,0.06603854497789255,2000
0.75,0.25,2.0,0.006,0.28,0.9335,0.033019272488946275,0.008254818122236569,0.06603854497789255,2000
0.75,0.25,2.0,0.006,0.4,0.993,0.033019272488946275,0.008254818122236569,0.06603854497789255,2000
0.75,0.25,2.0,0.006,0.6,1.0,0.033019272488946275,0.008254818122236569,0.06603854497789255,2000
0.75,0.25,2.0,0.006,0.85,1.0,0.033019272488946275,0.008254818122236569,0.06603854497789255,2000
0.75,0.25,2.0,0.006,1.1,1.0,0.033019272488946275,0.008254818122236569,0.06603854497789255,2000
0.75,0.25,2.0,0.008,0.0,0.0,0.04000000000000001,0.010000000000000002,0.08000000000000002,2000
0.75,0.25,2.0,0.008,0.02,0.0,0.04000000000000001,0.010000000000000002,0.08000000000000002,2000
0.75,0.25,2.0,0.008,0.035,0.0,0.04000000000000001,0.010000000000000002,0.08000000000000002,2000
0.75,0.25,2.0,0.008,0.05,0.001,0.04000000000000001,0.010000000000000002,0.08000000000000002,2000
0.75,0.25,2.0,0.008,0.07,0.0185,0.04000000000000001,0.010000000000000002,0.08000000000000002,2000
0.75,0.25,2.0,0.008,0.1,0.132,0.04000000000000001,0.010000000000000002,0.08000000000000002,2000
0.75,0.25,2.0,0.008,0.14,0.3525,0.04000000000000001,0.010000000000000002,0.08000000000000002,2000
0.75,0.25,2.0,0.008,0.2,0.6465,0.04000000000000001,0.010000000000000002,0.08000000000000002,2000
0.75,0.25,2.0,0.008,0.28,0.8675,0.04000000000000001,0.010000000000000002,0.08000000000000002,2000
0.75,0.25,2.0,0.008,0.4,0.9805,0.04000000000000001,0.010000000000000002,0.08000000000000002,2000
0.75,0.25,2.0,0.008,0.6,0.998,0.04000000000000001,0.010000000000000002,0.08000000000000002,2000
0.75,0.25,2.0,0.008,0.85,1.0,0.04000000000000001,0.010000000000000002,0.08000000000000002,2000
0.75,0.25,2.0,0.008,1.1,1.0,0.04000000000000001,0.010000000000000002,0.08000000000000002,2000
0.75,0.25,2.0,0.012,0.0,0.0,0.05241482788417794,0.013103706971044486,0.10482965576835589,2000
0.75,0.25,2.0,0.012,0.02,0.0,0.05241482788417794,0.013103706971044486,0.10482965576835589,2000
0.75,0.25,2.0,0.012,0.035,0.0,0.05241482788417794,0.013103706971044486,0.10482965576835589,2000
0.75,0.25,2.0,0.012,0.05,0.0,0.05241482788417794,0.013103706971044486,0.10482965576835589,2000
0.75,0.25,2.0,0.012,0.07,0.0025,0.05241482788417794,0.013103706971044486,0.10482965576835589,2000
0.75,0.25,2.0,0.012,0.1,0.0545,0.05241482788417794,0.013103706971044486,0.10482965576835589,2000
0.75,0.25,2.0,0.012,0.14,0.191,0.05241482788417794,0.013103706971044486,0.10482965576835589,2000
0.75,0.25,2.0,0.012,0.2,0.464,0.05241482788417794,0.013103706971044486,0.10482965576835589,2000
0.75,0.25,2.0,0.012,0.28,0.7355,0.05241482788417794,0.013103706971044486,0.10482965576835589,2000
0.75,0.25,2.0,0.012,0.4,0.937,0.05241482788417794,0.013103706971044486,0.10482965576835589,2000
0.75,0.25,2.0,0.012,0.6,0.9915,0.05241482788417794,0.013103706971044486,0.10482965576835589,2000
0.75,0.25,2.0,0.012,0.85,1.0,0.05241482788417794,0.013103706971044486,0.10482965576835589,2000
0.75,0.25,2.0,0.012,1.1,1.0,0.05241482788417794,0.013103706971044486,0.10482965576835589,2000
0.75,0.25,2.0,0.016,0.0,0.0,0.06349604207872799,0.015874010519681996,0.12699208415745597,2000
0.75,0.25,2.0,0.016,0.02,0.0,0.06349604207872799,0.015874010519681996,0.12699208415745597,2000
0.75,0.25,2.0,0.016,0.035,0.0,0.06349604207872799,0.015874010519681996,0.12699208415745597,2000
0.75,0.25,2.0,0.016,0.05,0.0,0.06349604207872799,0.015874010519681996,0.12699208415745597,2000
0.75,0.25,2.0,0.016,0.07,0.0015,0.06349604207872799,0.015874010519681996,0.12699208415745597,2000
0.75,0.25,2.0,0.016,0.1,0.015,0.06349604207872799,0.015874010519681996,0.12699208415745597,2000
0.75,0.25,2.0,0.016,0.14,0.1155,0.06349604207872799,0.015874010519681996,0.12699208415745597,2000
0.75,0.25,2.0,0.016,0.2,0.3465,0.06349604207872799,0.015874010519681996,0.12699208415745597,2000
0.75,0.25,2.0,0.016,0.28,0.654,0.06349604207872799,0.015874010519681996,0.12699208415745597,2000
0.75,0.25,2.0,0.016,0.4,0.874,0.06349604207872799,0.015874010519681996,0.12699208415745597,2000
0.75,0.25,2.0,0.016,0.6,0.9865,0.06349604207872799,0.015874010519681996,0.12699208415745597,2000
0.75,0.25,2.0,0.016,0.85,0.999,0.06349604207872799,0.015874010519681996,0.12699208415745597,2000
0.75,0.25,2.0,0.016,1.1,1.0,0.06349604207872799,0.015874010519681996,0.12699208415745597,2000
0.75,0.25,2.0,0.024,0.0,0.0,0.08320335292207617,0.020800838230519043,0.16640670584415235,2000
0.75,0.25,2.0,0.024,0.02,0.0,0.08320335292207617,0.020800838230519043,0.16640670584415235,2000
0.75,0.25,2.0,0.024,0.035,0.0,0.08320335292207617,0.020800838230519043,0.16640670584415235,2000
0.75,0.25,2.0,0.024,0.05,0.0,0.08320335292207617,0.020800838230519043,0.16640670584415235,2000
0.75,0.25,2.0,0.024,0.07,0.0,0.08320335292207617,0.020800838230519043,0.16640670584415235,2000
0.75,0.25,2.0,0.024,0.1,0.003,0.08320335292207617,0.020800838230519043,0.16640670584415235,2000
0.75,0.25,2.0,0.024,0.14,0.047,0.08320335292207617,0.020800838230519043,0.16640670584415235,2000
0.75,0.25,2.0,0.024,0.2,0.201,0.08320335292207617,0.020800838230519043,0.16640670584415235,2000
0.75,0.25,2.0,0.024,0.28,0.455,0.08320335292207617,0.020800838230519043,0.16640670584415235,2000
0.75,0.25,2.0,0.024,0.4,0.746,0.08320335292207617,0.020800838230519043,0.16640670584415235,2000
0.75,0.25,2.0,0.024,0.6,0.953,0.08320335292207617,0.020800838230519043,0.16640670584415235,2000
0.75,0.25,2.0,0.024,0.85,0.993,0.08320335292207617,0.020800838230519043,0.16640670584415235,2000
0.75,0.25,2.0,0.024,1.1,0.9995,0.08320335292207617,0.020800838230519043,0.16640670584415235,2000
0.75,0.25,2.0,0.032,0.0,0.0,0.10079368399158986,0.025198420997897465,0.20158736798317972,2000
0.75,0.25,2.0,0.032,0.02,0.0,0.10079368399158986,0.025198420997897465,0.20158736798317972,2000
0.75,0.25,2.0,0.032,0.035,0.0,0.10079368399158986,0.025198420997897465,0.20158736798317972,2000
0.75,0.25,2.0,0.032,0.05,0.0,0.10079368399158986,0.025198420997897465,0.20158736798317972,2000
0.75,0.25,2.0,0.032,0.07,0.0,0.10079368399158986,0.025198420997897465,0.20158736798317972,2000
0.75,0.25,2.0,0.032,0.1,0.002,0.10079368399158986,0.025198420997897465,0.20158736798317972,2000
0.75,0.25,2.0,0.032,0.14,0.0195,0.10079368399158986,0.025198420997897465,0.20158736798317972,2000
0.75,0.25,2.0,0.032,0.2,0.1235,0.10079368399158986,0.025198420997897465,0.20158736798317972,2000
0.75,0.25,2.0,0.032,0.28,0.3395,0.10079368399158986,0.025198420997897465,0.20158736798317972,2000
0.75,0.25,2.0,0.032,0.4,0.658,0.10079368399158986,0.025198420997897465,0.20158736798317972,2000
0.75,0.25,2.0,0.032,0.6,0.9005,0.10079368399158986,0.025198420997897465,0.20158736798317972,2000
0.75,0.25,2.0,0.032,0.85,0.9795,0.10079368399158986,0.025198420997897465,0.20158736798317972,2000
0.75,0.25,2.0,0.032,1.1,0.9965,0.10079368399158986,0.025198420997897465,0.20158736798317972,2000
0.75,0.25,2.0,0.048,0.0,0.0,0.13207708995578507,0.03301927248894627,0.26415417991157014,2000
0.75,0.25,2.0,0.048,0.02,0.0,0.13207708995578507,0.03301927248894627,0.26415417991157014,2000
0.75,0.25,2.0,0.048,0.035,0.0,0.13207708995578507,0.03301927248894627,0.26415417991157014,2000
0.75,0.25,2.0,0.048,0.05,0.0,0.13207708995578507,0.03301927248894627,0.26415417991157014,2000
0.75,0.25,2.0,0.048,0.07,0.0,0.13207708995578507,0.03301927248894627,0.26415417991157014,2000
0.75,0.25,2.0,0.048,0.1,0.0,0.13207708995578507,0.03301927248894627,0.26415417991157014,2000
0.75,0.25,2.0,0.048,0.14,0.0045,0.13207708995578507,0.03301927248894627,0.26415417991157014,2000
0.75,0.25,2.0,0.048,0.2,0.039,0.13207708995578507,0.03301927248894627,0.26415417991157014,2000
0.75,0.25,2.0,0.048,0.28,0.2075,0.13207708995578507,0.03301927248894627,0.26415417991157014,2000
0.75,0.25,2.0,0.048,0.4,0.4735,0.13207708995578507,0.03301927248894627,0.26415417991157014,2000
0.75,0.25,2.0,0.048,0.6,0.8175,0.13207708995578507,0.03301927248894627,0.26415417991157014,2000
0.75,0.25,2.0,0.048,0.85,0.948,0.13207708995578507,0.03301927248894627,0.26415417991157014,2000
0.75,0.25,2.0,0.048,1.1,0.9945,0.13207708995578507,0.03301927248894627,0.26415417991157014,2000
0.75,0.25,2.0,0.064,0.0,0.0,0.16000000000000003,0.04000000000000001,0.32000000000000006,2000
0.75,0.25,2.0,0.064,0.02,0.0,0.16000000000000003,0.04000000000000001,0.32000000000000006,2000
0.75,0.25,2.0,0.064,0.035,0.0,0.16000000000000003,0.04000000000000001,0.32000000000000006,2000
0.75,0.25,2.0,0.064,0.05,0.0,0.16000000000000003,0.04000000000000001,0.32000000000000006,2000
0.75,0.25,2.0,0.064,0.07,0.0,0.16000000000000003,0.04000000000000001,0.32000000000000006,2000
0.75,0.25,2.0,0.064,0.1,0.0,0.16000000000000003,0.04000000000000001,0.32000000000000006,2000
0.75,0.25,2.0,0.064,0.14,0.0025,0.16000000000000003,0.04000000000000001,0.32000000000000006,2000
0.75,0.25,2.0,0.064,0.2,0.0235,0.16000000000000003,0.04000000000000001,0.32000000000000006,2000
0.75,0.25,2.0,0.064,0.28,0.1135,0.16000000000000003,0.04000000000000001,0.32000000000000006,2000
0.75,0.25,2.0,0.064,0.4,0.3535,0.16000000000000003,0.04000000000000001,0.32000000000000006,2000
0.75,0.25,2.0,0.064,0.6,0.694,0.16000000000000003,0.04000000000000001,0.32000000000000006,2000
0.75,0.25,2.0,0.064,0.85,0.9005,0.16000000000000003,0.04000000000000001,0.32000000000000006,2000
0.75,0.25,2.0,0.064,1.1,0.969,0.16000000000000003,0.04000000000000001,0.32000000000000006,2000
0.75,0.5,3.0,0.004,0.0,0.0,0.02519842099789747,0.012599210498948734,0.0755952629936924,2000
0.75,0.5,3.0,0.004,0.02,0.0,0.02519842099789747,0.012599210498948734,0.0755952629936924,2000
0.75,0.5,3.0,0.004,0.035,0.0,0.02519842099789747,0.012599210498948734,0.0755952629936924,2000
0.75,0.5,3.0,0.004,0.05,0.0025,0.02519842099789747,0.012599210498948734,0.0755952629936924,2000
0.75,0.5,3.0,0.004,0.07,0.0605,0.02519842099789747,0.012599210498948734,0.0755952629936924,2000
0.75,0.5,3.0,0.004,0.1,0.224,0.02519842099789747,0.012599210498948734,0.0755952629936924,2000
0.75,0.5,3.0,0.004,0.14,0.573,0.02519842099789747,0.012599210498948734,0.0755952629936924,2000
0.75,0.5,3.0,0.004,0.2,0.8645,0.02519842099789747,0.012599210498948734,0.0755952629936924,2000
0.75,0.5,3.0,0.004,0.28,0.9765,0.02519842099789747,0.012599210498948734,0.0755952629936924,2000
0.75,0.5,3.0,0.004,0.4,0.999,0.02519842099789747,0.012599210498948734,0.0755952629936924,2000
0.75,0.5,3.0,0.004,0.6,1.0,0.02519842099789747,0.012599210498948734,0.0755952629936924,2000
0.75,0.5,3.0,0.004,0.85,1.0,0.02519842099789747,0.012599210498948734,0.0755952629936924,2000
0.75,0.5,3.0,0.004,1.1,1.0,0.02519842099789747,0.012599210498948734,0.0755952629936924,2000
0.75,0.5,3.0,0.006,0.0,0.0,0.033019272488946275,0.016509636244473137,0.09905781746683882,2000
0.75,0.5,3.0,0.006,0.02,0.0,0.033019272488946275,0.016509636244473137,0.09905781746683882,2000
0.75,0.5,3.0,0.006,0.035,0.0,0.033019272488946275,0.016509636244473137,0.09905781746683882,2000
0.75,0.5,3.0,0.006,0.05,0.0,0.033019272488946275,0.016509636244473137,0.09905781746683882,2000
0.75,0.5,3.0,0.006,0.07,0.01,0.033019272488946275,0.016509636244473137,0.09905781746683882,2000
0.75,0.5,3.0,0.006,0.1,0.115,0.033019272488946275,0.016509636244473137,0.09905781746683882,2000
0.75,0.5,3.0,0.006,0.14,0.373,0.033019272488946275,0.016509636244473137,0.09905781746683882,2000
0.75,0.5,3.0,0.006,0.2,0.693,0.033019272488946275,0.016509636244473137,0.09905781746683882,2000
0.75,0.5,3.0,0.006,0.28,0.921,0.033019272488946275,0.016509636244473137,0.09905781746683882,2000
0.75,0.5,3.0,0.006,0.4,0.9915,0.033019272488946275,0.016509636244473137,0.09905781746683882,2000
0.75,0.5,3.0,0.006,0.6,0.9995,0.033019272488946275,0.016509636244473137,0.09905781746683882,2000
0.75,0.5,3.0,0.006,0.85,1.0,0.033019272488946275,0.016509636244473137,0.09905781746683882,2000
0.75,0.5,3.0,0.006,1.1,1.0,0.033019272488946275,0.016509636244473137,0.09905781746683882,2000
0.75,0.5,3.0,0.008,0.0,0.0,0.04000000000000001,0.020000000000000004,0.12000000000000002,2000
0.75,0.5,3.0,0.008,0.02,0.0,0.04000000000000001,0.020000000000000004,0.12000000000000002,2000
0.75,0.5,3.0,0.008,0.035,0.0,0.04000000000000001,0.020000000000000004,0.12000000000000002,2000
0.75,0.5,3.0,0.008,0.05,0.0,0.04000000000000001,0.020000000000000004,0.12000000000000002,2000
0.75,0.5,3.0,0.008,0.07,0.005,0.04000000000000001,0.020000000000000004,0.12000000000000002,2000
0.75,0.5,3.0,0.008,0.1,0.0595,0.04000000000000001,0.020000000000000004,0.12000000000000002,2000
0.75,0.5,3.0,0.008,0.14,0.245,0.04000000000000001,0.020000000000000004,0.12000000000000002,2000
0.75,0.5,3.0,0.008,0.2,0.555,0.04000000000000001,0.020000000000000004,0.12000000000000002,2000
0.75,0.5,3.0,0.008,0.28,0.845,0.04000000000000001,0.020000000000000004,0.12000000000000002,2000
0.75,0.5,3.0,0.008,0.4,0.9785,0.04000000000000001,0.020000000000000004,0.12000000000000002,2000
0.75,0.5,3.0,0.008,0.6,1.0,0.04000000000000001,0.020000000000000004,0.12000000000000002,2000
0.75,0.5,3.0,0.008,0.85,1.0,0.04000000000000001,0.020000000000000004,0.12000000000000002,2000
0.75,0.5,3.0,0.008,1.1,1.0,0.04000000000000001,0.020000000000000004,0.12000000000000002,2000
0.75,0.5,3.0,0.012,0.0,0.0,0.05241482788417794,0.02620741394208897,0.15724448365253382,2000
0.75,0.5,3.0,0.012,0.02,0.0,0.05241482788417794,0.02620741394208897,0.15724448365253382,2000
0.75,0.5,3.0,0.012,0.035,0.0,0.05241482788417794,0.02620741394208897,0.15724448365253382,2000
0.75,0.5,3.0,0.012,0.05,0.0,0.05241482788417794,0.02620741394208897,0.15724448365253382,2000
0.75,0.5,3.0,0.012,0.07,0.001,0.05241482788417794,0.02620741394208897,0.15724448365253382,2000
0.75,0.5,3.0,0.012,0.1,0.015,0.05241482788417794,0.02620741394208897,0.15724448365253382,2000
0.75,0.5,3.0,0.012,0.14,0.1145,0.05241482788417794,0.02620741394208897,0.15724448365253382,2000
0.75,0.5,3.0,0.012,0.2,0.3735,0.05241482788417794,0.02620741394208897,0.15724448365253382,2000
0.75,0.5,3.0,0.012,0.28,0.681,0.05241482788417794,0.02620741394208897,0.15724448365253382,2000
0.75,0.5,3.0,0.012,0.4,0.922,0.05241482788417794,0.02620741394208897,0.15724448365253382,2000
0.75,0.5,3.0,0.012,0.6,0.995,0.05241482788417794,0.02620741394208897,0.15724448365253382,2000
0.75,0.5,3.0,0.012,0.85,1.0,0.05241482788417794,0.02620741394208897,0.15724448365253382,2000
0.75,0.5,3.0,0.012,1.1,1.0,0.05241482788417794,0.02620741394208897,0.15724448365253382,2000
0.75,0.5,3.0,0.016,0.0,0.0,0.06349604207872799,0.03174802103936399,0.19048812623618394,2000
0.75,0.5,3.0,0.016,0.02,0.0,0.06349604207872799,0.03174802103936399,0.19048812623618394,2000
0.75,0.5,3.0,0.016,0.035,0.0,0.06349604207872799,0.03174802103936399,0.19048812623618394,2000
0.75,0.5,3.0,0.016,0.05,0.0,0.06349604207872799,0.03174802103936399,0.19048812623618394,2000
0.75,0.5,3.0,0.016,0.07,0.0,0.06349604207872799,0.03174802103936399,0.19048812623618394,2000
0.75,0.5,3.0,0.016,0.1,0.0045,0.06349604207872799,0.03174802103936399,0.19048812623618394,2000
0.75,0.5,3.0,0.016,0.14,0.0505,0.06349604207872799,0.03174802103936399,0.19048812623618394,2000
0.75,0.5,3.0,0.016,0.2,0.246,0.06349604207872799,0.03174802103936399,0.19048812623618394,2000
0.75,0.5,3.0,0.016,0.28,0.551,0.06349604207872799,0.03174802103936399,0.19048812623618394,2000
0.75,0.5,3.0,0.016,0.4,0.8685,0.06349604207872799,0.03174802103936399,0.19048812623618394,2000
0.75,0.5,3.0,0.016,0.6,0.985,0.06349604207872799,0.03174802103936399,0.19048812623618394,2000
0.75,0.5,3.0,0.016,0.85,0.9985,0.06349604207872799,0.03174802103936399,0.19048812623618394,2000
0.75,0.5,3.0,0.016,1.1,1.0,0.06349604207872799,0.03174802103936399,0.19048812623618394,2000
0.75,0.5,3.0,0.024,0.0,0.0,0.08320335292207617,0.04160167646103809,0.24961005876622852,2000
0.75,0.5,3.0,0.024,0.02,0.0,0.08320335292207617,0.04160167646103809,0.24961005876622852,2000
0.75,0.5,3.0,0.024,0.035,0.0,0.08320335292207617,0.04160167646103809,0.24961005876622852,2000
0.75,0.5,3.0,0.024,0.05,0.0,0.08320335292207617,0.04160167646103809,0.24961005876622852,2000
0.75,0.5,3.0,0.024,0.07,0.0,0.08320335292207617,0.04160167646103809,0.24961005876622852,2000
0.75,0.5,3.0,0.024,0.1,0.0,0.08320335292207617,0.04160167646103809,0.24961005876622852,2000
0.75,0.5,3.0,0.024,0.14,0.014,0.08320335292207617,0.04160167646103809,0.24961005876622852,2000
0.75,0.5,3.0,0.024,0.2,0.1155,0.08320335292207617,0.04160167646103809,0.24961005876622852,2000
0.75,0.5,3.0,0.024,0.28,0.358,0.08320335292207617,0.04160167646103809,0.24961005876622852,2000
0.75,0.5,3.0,0.024,0.4,0.6895,0.08320335292207617,0.04160167646103809,0.24961005876622852,2000
0.75,0.5,3.0,0.024,0.6,0.9435,0.08320335292207617,0.04160167646103809,0.24961005876622852,2000
0.75,0.5,3.0,0.024,0.85,0.994,0.08320335292207617,0.04160167646103809,0.24961005876622852,2000
0.75,0.5,3.0,0.024,1.1,1.0,0.08320335292207617,0.04160167646103809,0.24961005876622852,2000
0.75,0.5,3.0,0.032,0.0,0.0,0.10079368399158986,0.05039684199579493,0.3023810519747696,2000
0.75,0.5,3.0,0.032,0.02,0.0,0.10079368399158986,0.05039684199579493,0.3023810519747696,2000
0.75,0.5,3.0,0.032,0.035,0.0,0.10079368399158986,0.05039684199579493,0.3023810519747696,2000
0.75,0.5,3.0,0.032,0.05,0.0,0.10079368399158986,0.05039684199579493,0.3023810519747696,2000
0.75,0.5,3.0,0.032,0.07,0.0,0.10079368399158986,0.05039684199579493,0.3023810519747696,2000
0.75,0.5,3.0,0.032,0.1,0.0,0.10079368399158986,0.05039684199579493,0.3023810519747696,2000
0.75,0.5,3.0,0.032,0.14,0.0015,0.10079368399158986,0.05039684199579493,0.3023810519747696,2000
0.75,0.5,3.0,0.032,0.2,0.0545,0.10079368399158986,0.05039684199579493,0.3023810519747696,2000
0.75,0.5,3.0,0.032,0.28,0.234,0.10079368399158986,0.05039684199579493,0.3023810519747696,2000
0.75,0.5,3.0,0.032,0.4,0.572,0.10079368399158986,0.05039684199579493,0.3023810519747696,2000
0.75,0.5,3.0,0.032,0.6,0.8785,0.10079368399158986,0.05039684199579493,0.3023810519747696,2000
0.75,0.5,3.0,0.032,0.85,0.987,0.10079368399158986,0.05039684199579493,0.3023810519747696,2000
0.75,0.5,3.0,0.032,1.1,0.998,0.10079368399158986,0.05039684199579493,0.3023810519747696,2000
0.75,0.5,3.0,0.048,0.0,0.0,0.13207708995578507,0.06603854497789254,0.39623126986735524,2000
0.75,0.5,3.0,0.048,0.02,0.0,0.13207708995578507,0.06603854497789254,0.39623126986735524,2000
0.75,0.5,3.0,0.048,0.035,0.0,0.13207708995578507,0.06603854497789254,0.39623126986735524,2000
0.75,0.5,3.0,0.048,0.05,0.0,0.13207708995578507,0.06603854497789254,0.39623126986735524,2000
0.75,0.5,3.0,0.048,0.07,0.0,0.13207708995578507,0.06603854497789254,0.39623126986735524,2000
0.75,0.5,3.0,0.048,0.1,0.0,0.13207708995578507,0.06603854497789254,0.39623126986735524,2000
0.75,0.5,3.0,0.048,0.14,0.0,0.13207708995578507,0.06603854497789254,0.39623126986735524,2000
0.75,0.5,3.0,0.048,0.2,0.016,0.13207708995578507,0.06603854497789254,0.39623126986735524,2000
0.75,0.5,3.0,0.048,0.28,0.106,0.13207708995578507,0.06603854497789254,0.39623126986735524,2000
0.75,0.5,3.0,0.048,0.4,0.3805,0.13207708995578507,0.06603854497789254,0.39623126986735524,2000
0.75,0.5,3.0,0.048,0.6,0.7525,0.13207708995578507,0.06603854497789254,0.39623126986735524,2000
0.75,0.5,3.0,0.048,0.85,0.9485,0.13207708995578507,0.06603854497789254,0.39623126986735524,2000
0.75,0.5,3.0,0.048,1.1,0.986,0.13207708995578507,0.06603854497789254,0.39623126986735524,2000
0.75,0.5,3.0,0.064,0.0,0.0,0.16000000000000003,0.08000000000000002,0.4800000000000001,2000
0.75,0.5,3.0,0.064,0.02,0.0,0.16000000000000003,0.08000000000000002,0.4800000000000001,2000
0.75,0.5,3.0,0.064,0.035,0.0,0.16000000000000003,0.08000000000000002,0.4800000000000001,2000
0.75,0.5,3.0,0.064,0.05,0.0,0.16000000000000003,0.08000000000000002,0.4800000000000001,2000
0.75,0.5,3.0,0.064,0.07,0.0,0.16000000000000003,0.08000000000000002,0.4800000000000001,2000
0.75,0.5,3.0,0.064,0.1,0.0,0.16000000000000003,0.08000000000000002,0.4800000000000001,2000
0.75,0.5,3.0,0.064,0.14,0.0,0.16000000000000003,0.08000000000000002,0.4800000000000001,2000
0.75,0.5,3.0,0.064,0.2,0.0025,0.16000000000000003,0.08000000000000002,0.4800000000000001,2000
0.75,0.5,3.0,0.064,0.28,0.0555,0.16000000000000003,0.08000000000000002,0.4800000000000001,2000
0.75,0.5,3.0,0.064,0.4,0.254,0.16000000000000003,0.08000000000000002,0.4800000000000001,2000
0.75,0.5,3.0,0.064,0.6,0.6245,0.16000000000000003,0.08000000000000002,0.4800000000000001,2000
0.75,0.5,3.0,0.064,0.85,0.8925,0.16000000000000003,0.08000000000000002,0.4800000000000001,2000
0.75,0.5,3.0,0.064,1.1,0.973,0.16000000000000003,0.08000000000000002,0.4800000000000001,2000
0.9,0.5,2.0,0.004,0.0,0.0,0.02519842099789747,0.012599210498948734,0.05039684199579494,2000
0.9,0.5,2.0,0.004,0.02,0.0,0.02519842099789747,0.012599210498948734,0.05039684199579494,2000
0.9,0.5,2.0,0.004,0.035,0.0,0.02519842099789747,0.012599210498948734,0.05039684199579494,2000
0.9,0.5,2.0,0.004,0.05,0.002,0.02519842099789747,0.012599210498948734,0.05039684199579494,2000
0.9,0.5,2.0,0.004,0.07,0.0425,0.02519842099789747,0.012599210498948734,0.05039684199579494,2000
0.9,0.5,2.0,0.004,0.1,0.222,0.02519842099789747,0.012599210498948734,0.05039684199579494,2000
0.9,0.5,2.0,0.004,0.14,0.4955,0.02519842099789747,0.012599210498948734,0.05039684199579494,2000
0.9,0.5,2.0,0.004,0.2,0.7965,0.02519842099789747,0.012599210498948734,0.05039684199579494,2000
0.9,0.5,2.0,0.004,0.28,0.9545,0.02519842099789747,0.012599210498948734,0.05039684199579494,2000
0.9,0.5,2.0,0.004,0.4,0.994,0.02519842099789747,0.012599210498948734,0.05039684199579494,2000
0.9,0.5,2.0,0.004,0.6,1.0,0.02519842099789747,0.012599210498948734,0.05039684199579494,2000
0.9,0.5,2.0,0.004,0.85,1.0,0.02519842099789747,0.012599210498948734,0.05039684199579494,2000
0.9,0.5,2.0,0.004,1.1,1.0,0.02519842099789747,0.012599210498948734,0.05039684199579494,2000
0.9,0.5,2.0,0.006,0.0,0.0,0.033019272488946275,0.016509636244473137,0.06603854497789255,2000
0.9,0.5,2.0,0.006,0.02,0.0,0.033019272488946275,0.016509636244473137,0.06603854497789255,2000
0.9,0.5,2.0,0.006,0.035,0.0,0.033019272488946275,0.016509636244473137,0.06603854497789255,2000
0.9,0.5,2.0,0.006,0.05,0.0,0.033019272488946275,0.016509636244473137,0.06603854497789255,2000
0.9,0.5,2.0,0.006,0.07,0.0105,0.033019272488946275,0.016509636244473137,0.06603854497789255,2000
0.9,0.5,2.0,0.006,0.1,0.097,0.033019272488946275,0.016509636244473137,0.06603854497789255,2000
0.9,0.5,2.0,0.006,0.14,0.2875,0.033019272488946275,0.016509636244473137,0.06603854497789255,2000
0.9,0.5,2.0,0.006,0.2,0.661,0.033019272488946275,0.016509636244473137,0.06603854497789255,2000
0.9,0.5,2.0,0.006,0.28,0.866,0.033019272488946275,0.016509636244473137,0.06603854497789255,2000
0.9,0.5,2.0,0.006,0.4,0.985,0.033019272488946275,0.016509636244473137,0.06603854497789255,2000
0.9,0.5,2.0,0.006,0.6,1.0,0.033019272488946275,0.016509636244473137,0.06603854497789255,2000
0.9,0.5,2.0,0.006,0.85,1.0,0.033019272488946275,0.016509636244473137,0.06603854497789255,2000
0.9,0.5,2.0,0.006,1.1,1.0,0.033019272488946275,0.016509636244473137,0.06603854497789255,2000
0.9,0.5,2.0,0.008,0.0,0.0,0.04000000000000001,0.020000000000000004,0.08000000000000002,2000
0.9,0.5,2.0,0.008,0.02,0.0,0.04000000000000001,0.020000000000000004,0.08000000000000002,2000
0.9,0.5,2.0,0.008,0.035,0.0,0.04000000000000001,0.020000000000000004,0.08000000000000002,2000
0.9,0.5,2.0,0.008,0.05,0.0,0.04000000000000001,0.020000000000000004,0.08000000000000002,2000
0.9,0.5,2.0,0.008,0.07,0.0015,0.04000000000000001,0.020000000000000004,0.08000000000000002,2000
0.9,0.5,2.0,0.008,0.1,0.037,0.04000000000000001,0.020000000000000004,0.08000000000000002,2000
0.9,0.5,2.0,0.008,0.14,0.189,0.04000000000000001,0.020000000000000004,0.08000000000000002,2000
0.9,0.5,2.0,0.008,0.2,0.5145,0.04000000000000001,0.020000000000000004,0.08000000000000002,2000
0.9,0.5,2.0,0.008,0.28,0.7805,0.04000000000000001,0.020000000000000004,0.08000000000000002,2000
0.9,0.5,2.0,0.008,0.4,0.9625,0.04000000000000001,0.020000000000000004,0.08000000000000002,2000
0.9,0.5,2.0,0.008,0.6,0.997,0.04000000000000001,0.020000000000000004,0.08000000000000002,2000
0.9,0.5,2.0,0.008,0.85,1.0,0.04000000000000001,0.020000000000000004,0.08000000000000002,2000
0.9,0.5,2.0,0.008,1.1,1.0,0.04000000000000001,0.020000000000000004,0.08000000000000002,2000
0.9,0.5,2.0,0.012,0.0,0.0,0.05241482788417794,0.02620741394208897,0.10482965576835589,2000
0.9,0.5,2.0,0.012,0.02,0.0,0.05241482788417794,0.02620741394208897,0.10482965576835589,2000
0.9,0.5,2.0,0.012,0.035,0.0,0.05241482788417794,0.02620741394208897,0.10482965576835589,2000
0.9,0.5,2.0,0.012,0.05,0.0,0.05241482788417794,0.02620741394208897,0.10482965576835589,2000
0.9,0.5,2.0,0.012,0.07,0.0005,0.05241482788417794,0.02620741394208897,0.10482965576835589,2000
0.9,0.5,2.0,0.012,0.1,0.008,0.05241482788417794,0.02620741394208897,0.10482965576835589,2000
0.9,0.5,2.0,0.012,0.14,0.081,0.05241482788417794,0.02620741394208897,0.10482965576835589,2000
0.9,0.5,2.0,0.012,0.2,0.3275,0.05241482788417794,0.02620741394208897,0.10482965576835589,2000
0.9,0.5,2.0,0.012,0.28,0.6165,0.05241482788417794,0.02620741394208897,0.10482965576835589,2000
0.9,0.5,2.0,0.012,0.4,0.893,0.05241482788417794,0.02620741394208897,0.10482965576835589,2000
0.9,0.5,2.0,0.012,0.6,0.9855,0.05241482788417794,0.02620741394208897,0.10482965576835589,2000
0.9,0.5,2.0,0.012,0.85,0.9985,0.05241482788417794,0.02620741394208897,0.10482965576835589,2000
0.9,0.5,2.0,0.012,1.1,1.0,0.05241482788417794,0.02620741394208897,0.10482965576835589,2000
0.9,0.5,2.0,0.016,0.0,0.0,0.06349604207872799,0.03174802103936399,0.12699208415745597,2000
0.9,0.5,2.0,0.016,0.02,0.0,0.06349604207872799,0.03174802103936399,0.12699208415745597,2000
0.9,0.5,2.0,0.016,0.035,0.0,0.06349604207872799,0.03174802103936399,0.12699208415745597,2000
0.9,0.5,2.0,0.016,0.05,0.0,0.06349604207872799,0.03174802103936399,0.12699208415745597,2000
0.9,0.5,2.0,0.016,0.07,0.0,0.06349604207872799,0.03174802103936399,0.12699208415745597,2000
0.9,0.5,2.0,0.016,0.1,0.002,0.06349604207872799,0.03174802103936399,0.12699208415745597,2000
0.9,0.5,2.0,0.016,0.14,0.045,0.06349604207872799,0.03174802103936399,0.12699208415745597,2000
0.9,0.5,2.0,0.016,0.2,0.2035,0.06349604207872799,0.03174802103936399,0.12699208415745597,2000
0.9,0.5,2.0,0.016,0.28,0.4915,0.06349604207872799,0.03174802103936399,0.12699208415745597,2000
0.9,0.5,2.0,0.016,0.4,0.793,0.06349604207872799,0.03174802103936399,0.12699208415745597,2000
0.9,0.5,2.0,0.016,0.6,0.9715,0.06349604207872799,0.03174802103936399,0.12699208415745597,2000
0.9,0.5,2.0,0.016,0.85,1.0,0.06349604207872799,0.03174802103936399,0.12699208415745597,2000
0.9,0.5,2.0,0.016,1.1,1.0,0.06349604207872799,0.03174802103936399,0.12699208415745597,2000
0.9,0.5,2.0,0.024,0.0,0.0,0.08320335292207617,0.04160167646103809,0.16640670584415235,2000
0.9,0.5,2.0,0.024,0.02,0.0,0.08320335292207617,0.04160167646103809,0.16640670584415235,2000
0.9,0.5,2.0,0.024,0.035,0.0,0.08320335292207617,0.04160167646103809,0.16640670584415235,2000
0.9,0.5,2.0,0.024,0.05,0.0,0.08320335292207617,0.04160167646103809,0.16640670584415235,2000
0.9,0.5,2.0,0.024,0.07,0.0,0.08320335292207617,0.04160167646103809,0.16640670584415235,2000
0.9,0.5,2.0,0.024,0.1,0.0005,0.08320335292207617,0.04160167646103809,0.16640670584415235,2000
0.9,0.5,2.0,0.024,0.14,0.0135,0.08320335292207617,0.04160167646103809,0.16640670584415235,2000
0.9,0.5,2.0,0.024,0.2,0.089,0.08320335292207617,0.04160167646103809,0.16640670584415235,2000
0.9,0.5,2.0,0.024,0.28,0.309,0.08320335292207617,0.04160167646103809,0.16640670584415235,2000
0.9,0.5,2.0,0.024,0.4,0.6425,0.08320335292207617,0.04160167646103809,0.16640670584415235,2000
0.9,0.5,2.0,0.024,0.6,0.9035,0.08320335292207617,0.04160167646103809,0.16640670584415235,2000
0.9,0.5,2.0,0.024,0.85,0.987,0.08320335292207617,0.04160167646103809,0.16640670584415235,2000
0.9,0.5,2.0,0.024,1.1,0.9975,0.08320335292207617,0.04160167646103809,0.16640670584415235,2000
0.9,0.5,2.0,0.032,0.0,0.0,0.10079368399158986,0.05039684199579493,0.20158736798317972,2000
0.9,0.5,2.0,0.032,0.02,0.0,0.10079368399158986,0.05039684199579493,0.20158736798317972,2000
0.9,0.5,2.0,0.032,0.035,0.0,0.10079368399158986,0.05039684199579493,0.20158736798317972,2000
0.9,0.5,2.0,0.032,0.05,0.0,0.10079368399158986,0.05039684199579493,0.20158736798317972,2000
0.9,0.5,2.0,0.032,0.07,0.0,0.10079368399158986,0.05039684199579493,0.20158736798317972,2000
0.9,0.5,2.0,0.032,0.1,0.0,0.10079368399158986,0.05039684199579493,0.20158736798317972,2000
0.9,0.5,2.0,0.032,0.14,0.002,0.10079368399158986,0.05039684199579493,0.20158736798317972,2000
0.9,0.5,2.0,0.032,0.2,0.0455,0.10079368399158986,0.05039684199579493,0.20158736798317972,2000
0.9,0.5,2.0,0.032,0.28,0.1985,0.10079368399158986,0.05039684199579493,0.20158736798317972,2000
0.9,0.5,2.0,0.032,0.4,0.499,0.10079368399158986,0.05039684199579493,0.20158736798317972,2000
0.9,0.5,2.0,0.032,0.6,0.8375,0.10079368399158986,0.05039684199579493,0.20158736798317972,2000
0.9,0.5,2.0,0.032,0.85,0.967,0.10079368399158986,0.05039684199579493,0.20158736798317972,2000
0.9,0.5,2.0,0.032,1.1,0.994,0.10079368399158986,0.05039684199579493,0.20158736798317972,2000
0.9,0.5,2.0,0.048,0.0,0.0,0.13207708995578507,0.06603854497789254,0.26415417991157014,2000
0.9,0.5,2.0,0.048,0.02,0.0,0.13207708995578507,0.06603854497789254,0.26415417991157014,2000
0.9,0.5,2.0,0.048,0.035,0.0,0.13207708995578507,0.06603854497789254,0.26415417991157014,2000
0.9,0.5,2.0,0.048,0.05,0.0,0.13207708995578507,0.06603854497789254,0.26415417991157014,2000
0.9,0.5,2.0,0.048,0.07,0.0,0.13207708995578507,0.06603854497789254,0.26415417991157014,2000
0.9,0.5,2.0,0.048,0.1,0.0,0.13207708995578507,0.06603854497789254,0.26415417991157014,2000
0.9,0.5,2.0,0.048,0.14,0.0,0.13207708995578507,0.06603854497789254,0.26415417991157014,2000
0.9,0.5,2.0,0.048,0.2,0.0095,0.13207708995578507,0.06603854497789254,0.26415417991157014,2000
0.9,0.5,2.0,0.048,0.28,0.1,0.13207708995578507,0.06603854497789254,0.26415417991157014,2000
0.9,0.5,2.0,0.048,0.4,0.331,0.13207708995578507,0.06603854497789254,0.26415417991157014,2000
0.9,0.5,2.0,0.048,0.6,0.6885,0.13207708995578507,0.06603854497789254,0.26415417991157014,2000
0.9,0.5,2.0,0.048,0.85,0.918,0.13207708995578507,0.06603854497789254,0.26415417991157014,2000
0.9,0.5,2.0,0.048,1.1,0.9755,0.13207708995578507,0.06603854497789254,0.26415417991157014,2000
0.9,0.5,2.0,0.064,0.0,0.0,0.16000000000000003,0.08000000000000002,0.32000000000000006,2000
0.9,0.5,2.0,0.064,0.02,0.0,0.16000000000000003,0.08000000000000002,0.32000000000000006,2000
0.9,0.5,2.0,0.064,0.035,0.0,0.16000000000000003,0.08000000000000002,0.32000000000000006,2000
0.9,0.5,2.0,0.064,0.05,0.0,0.16000000000000003,0.08000000000000002,0.32000000000000006,2000
0.9,0.5,2.0,0.064,0.07,0.0,0.16000000000000003,0.08000000000000002,0.32000000000000006,2000
0.9,0.5,2.0,0.064,0.1,0.0,0.16000000000000003,0.08000000000000002,0.32000000000000006,2000
0.9,0.5,2.0,0.064,0.14,0.0,0.16000000000000003,0.08000000000000002,0.32000000000000006,2000
0.9,0.5,2.0,0.064,0.2,0.003,0.16000000000000003,0.08000000000000002,0.32000000000000006,2000
0.9,0.5,2.0,0.064,0.28,0.042,0.16000000000000003,0.08000000000000002,0.32000000000000006,2000
0.9,0.5,2.0,0.064,0.4,0.2045,0.16000000000000003,0.08000000000000002,0.32000000000000006,2000
0.9,0.5,2.0,0.064,0.6,0.5515,0.16000000000000003,0.08000000000000002,0.32000000000000006,2000
0.9,0.5,2.0,0.064,0.85,0.844,0.16000000000000003,0.08000000000000002,0.32000000000000006,2000
0.9,0.5,2.0,0.064,1.1,0.9475,0.16000000000000003,0.08000000000000002,0.32000000000000006,2000
0.9,0.25,2.0,0.004,0.0,0.0,0.02519842099789747,0.006299605249474367,0.05039684199579494,2000
0.9,0.25,2.0,0.004,0.02,0.0,0.02519842099789747,0.006299605249474367,0.05039684199579494,2000
0.9,0.25,2.0,0.004,0.035,0.0005,0.02519842099789747,0.006299605249474367,0.05039684199579494,2000
0.9,0.25,2.0,0.004,0.05,0.016,0.02519842099789747,0.006299605249474367,0.05039684199579494,2000
0.9,0.25,2.0,0.004,0.07,0.1055,0.02519842099789747,0.006299605249474367,0.05039684199579494,2000
0.9,0.25,2.0,0.004,0.1,0.316,0.02519842099789747,0.006299605249474367,0.05039684199579494,2000
0.9,0.25,2.0,0.004,0.14,0.594,0.02519842099789747,0.006299605249474367,0.05039684199579494,2000
0.9,0.25,2.0,0.004,0.2,0.861,0.02519842099789747,0.006299605249474367,0.05039684199579494,2000
0.9,0.25,2.0,0.004,0.28,0.9705,0.02519842099789747,0.006299605249474367,0.05039684199579494,2000
0.9,0.25,2.0,0.004,0.4,0.9975,0.02519842099789747,0.006299605249474367,0.05039684199579494,2000
0.9,0.25,2.0,0.004,0.6,1.0,0.02519842099789747,0.006299605249474367,0.05039684199579494,2000
0.9,0.25,2.0,0.004,0.85,1.0,0.02519842099789747,0.006299605249474367,0.05039684199579494,2000
0.9,0.25,2.0,0.004,1.1,1.0,0.02519842099789747,0.006299605249474367,0.05039684199579494,2000
0.9,0.25,2.0,0.006,0.0,0.0,0.033019272488946275,0.008254818122236569,0.06603854497789255,2000
0.9,0.25,2.0,0.006,0.02,0.0,0.033019272488946275,0.008254818122236569,0.06603854497789255,2000
0.9,0.25,2.0,0.006,0.035,0.0,0.033019272488946275,0.008254818122236569,0.06603854497789255,2000
0.9,0.25,2.0,0.006,0.05,0.0055,0.033019272488946275,0.008254818122236569,0.06603854497789255,2000
0.9,0.25,2.0,0.006,0.07,0.037,0.033019272488946275,0.008254818122236569,0.06603854497789255,2000
0.9,0.25,2.0,0.006,0.1,0.1705,0.033019272488946275,0.008254818122236569,0.06603854497789255,2000
0.9,0.25,2.0,0.006,0.14,0.4285,0.033019272488946275,0.008254818122236569,0.06603854497789255,2000
0.9,0.25,2.0,0.006,0.2,0.722,0.033019272488946275,0.008254818122236569,0.06603854497789255,2000
0.9,0.25,2.0,0.006,0.28,0.925,0.033019272488946275,0.008254818122236569,0.06603854497789255,2000
0.9,0.25,2.0,0.006,0.4,0.99,0.033019272488946275,0.008254818122236569,0.06603854497789255,2000
0.9,0.25,2.0,0.006,0.6,0.999,0.033019272488946275,0.008254818122236569,0.06603854497789255,2000
0.9,0.25,2.0,0.006,0.85,1.0,0.033019272488946275,0.008254818122236569,0.06603854497789255,2000
0.9,0.25,2.0,0.006,1.1,1.0,0.033019272488946275,0.008254818122236569,0.06603854497789255,2000
0.9,0.25,2.0,0.008,0.0,0.0,0.04000000000000001,0.010000000000000002,0.08000000000000002,2000
0.9,0.25,2.0,0.008,0.02,0.0,0.04000000000000001,0.010000000000000002,0.08000000000000002,2000
0.9,0.25,2.0,0.008,0.035,0.0,0.04000000000000001,0.010000000000000002,0.08000000000000002,2000
0.9,0.25,2.0,0.008,0.05,0.0,0.04000000000000001,0.010000000000000002,0.08000000000000002,2000
0.9,0.25,2.0,0.008,0.07,0.013,0.04000000000000001,0.010000000000000002,0.08000000000000002,2000
0.9,0.25,2.0,0.008,0.1,0.095,0.04000000000000001,0.010000000000000002,0.08000000000000002,2000
0.9,0.25,2.0,0.008,0.14,0.293,0.04000000000000001,0.010000000000000002,0.08000000000000002,2000
0.9,0.25,2.0,0.008,0.2,0.6035,0.04000000000000001,0.010000000000000002,0.08000000000000002,2000
0.9,0.25,2.0,0.008,0.28,0.8595,0.04000000000000001,0.010000000000000002,0.08000000000000002,2000
0.9,0.25,2.0,0.008,0.4,0.966,0.04000000000000001,0.010000000000000002,0.08000000000000002,2000
0.9,0.25,2.0,0.008,0.6,0.9995,0.04000000000000001,0.010000000000000002,0.08000000000000002,2000
0.9,0.25,2.0,0.008,0.85,1.0,0.04000000000000001,0.010000000000000002,0.08000000000000002,2000
0.9,0.25,2.0,0.008,1.1,1.0,0.04000000000000001,0.010000000000000002,0.08000000000000002,2000
0.9,0.25,2.0,0.012,0.0,0.0,0.05241482788417794,0.013103706971044486,0.10482965576835589,2000
0.9,0.25,2.0,0.012,0.02,0.0,0.05241482788417794,0.013103706971044486,0.10482965576835589,2000
0.9,0.25,2.0,0.012,0.035,0.0,0.05241482788417794,0.013103706971044486,0.10482965576835589,2000
0.9,0.25,2.0,0.012,0.05,0.0,0.05241482788417794,0.013103706971044486,0.10482965576835589,2000
0.9,0.25,2.0,0.012,0.07,0.0015,0.05241482788417794,0.013103706971044486,0.10482965576835589,2000
0.9,0.25,2.0,0.012,0.1,0.0425,0.05241482788417794,0.013103706971044486,0.10482965576835589,2000
0.9,0.25,2.0,0.012,0.14,0.1655,0.05241482788417794,0.013103706971044486,0.10482965576835589,2000
0.9,0.25,2.0,0.012,0.2,0.443,0.05241482788417794,0.013103706971044486,0.10482965576835589,2000
0.9,0.25,2.0,0.012,0.28,0.718,0.05241482788417794,0.013103706971044486,0.10482965576835589,2000
0.9,0.25,2.0,0.012,0.4,0.9195,0.05241482788417794,0.013103706971044486,0.10482965576835589,2000
0.9,0.25,2.0,0.012,0.6,0.996,0.05241482788417794,0.013103706971044486,0.10482965576835589,2000
0.9,0.25,2.0,0.012,0.85,1.0,0.05241482788417794,0.013103706971044486,0.10482965576835589,2000
0.9,0.25,2.0,0.012,1.1,1.0,0.05241482788417794,0.013103706971044486,0.10482965576835589,2000
0.9,0.25,2.0,0.016,0.0,0.0,0.06349604207872799,0.015874010519681996,0.12699208415745597,2000
0.9,0.25,2.0,0.016,0.02,0.0,0.06349604207872799,0.015874010519681996,0.12699208415745597,2000
0.9,0.25,2.0,0.016,0.035,0.0,0.06349604207872799,0.015874010519681996,0.12699208415745597,2000
0.9,0.25,2.0,0.016,0.05,0.0,0.06349604207872799,0.015874010519681996,0.12699208415745597,2000
0.9,0.25,2.0,0.016,0.07,0.001,0.06349604207872799,0.015874010519681996,0.12699208415745597,2000
0.9,0.25,2.0,0.016,0.1,0.0135,0.06349604207872799,0.015874010519681996,0.12699208415745597,2000
0.9,0.25,2.0,0.016,0.14,0.0995,0.06349604207872799,0.015874010519681996,0.12699208415745597,2000
0.9,0.25,2.0,0.016,0.2,0.33,0.06349604207872799,0.015874010519681996,0.12699208415745597,2000
0.9,0.25,2.0,0.016,0.28,0.6135,0.06349604207872799,0.015874010519681996,0.12699208415745597,2000
0.9,0.25,2.0,0.016,0.4,0.864,0.06349604207872799,0.015874010519681996,0.12699208415745597,2000
0.9,0.25,2.0,0.016,0.6,0.9815,0.06349604207872799,0.015874010519681996,0.12699208415745597,2000
0.9,0.25,2.0,0.016,0.85,0.9995,0.06349604207872799,0.015874010519681996,0.12699208415745597,2000
0.9,0.25,2.0,0.016,1.1,1.0,0.06349604207872799,0.015874010519681996,0.12699208415745597,2000
0.9,0.25,2.0,0.024,0.0,0.0,0.08320335292207617,0.020800838230519043,0.16640670584415235,2000
0.9,0.25,2.0,0.024,0.02,0.0,0.08320335292207617,0.020800838230519043,0.16640670584415235,2000
0.9,0.25,2.0,0.024,0.035,0.0,0.08320335292207617,0.020800838230519043,0.16640670584415235,2000
0.9,0.25,2.0,0.024,0.05,0.0,0.08320335292207617,0.020800838230519043,0.16640670584415235,2000
0.9,0.25,2.0,0.024,0.07,0.0,0.08320335292207617,0.020800838230519043,0.16640670584415235,2000
0.9,0.25,2.0,0.024,0.1,0.0025,0.08320335292207617,0.020800838230519043,0.16640670584415235,2000
0.9,0.25,2.0,0.024,0.14,0.034,0.08320335292207617,0.020800838230519043,0.16640670584415235,2000
0.9,0.25,2.0,0.024,0.2,0.175,0.08320335292207617,0.020800838230519043,0.16640670584415235,2000
0.9,0.25,2.0,0.024,0.28,0.4235,0.08320335292207617,0.020800838230519043,0.16640670584415235,2000
0.9,0.25,2.0,0.024,0.4,0.7095,0.08320335292207617,0.020800838230519043,0.16640670584415235,2000
0.9,0.25,2.0,0.024,0.6,0.936,0.08320335292207617,0.020800838230519043,0.16640670584415235,2000
0.9,0.25,2.0,0.024,0.85,0.988,0.08320335292207617,0.020800838230519043,0.16640670584415235,2000
0.9,0.25,2.0,0.024,1.1,0.9985,0.08320335292207617,0.020800838230519043,0.16640670584415235,2000
0.9,0.25,2.0,0.032,0.0,0.0,0.10079368399158986,0.025198420997897465,0.20158736798317972,2000
0.9,0.25,2.0,0.032,0.02,0.0,0.10079368399158986,0.025198420997897465,0.20158736798317972,2000
0.9,0.25,2.0,0.032,0.035,0.0,0.10079368399158986,0.025198420997897465,0.20158736798317972,2000
0.9,0.25,2.0,0.032,0.05,0.0,0.10079368399158986,0.025198420997897465,0.20158736798317972,2000
0.9,0.25,2.0,0.032,0.07,0.0,0.10079368399158986,0.025198420997897465,0.20158736798317972,2000
0.9,0.25,2.0,0.032,0.1,0.0,0.10079368399158986,0.025198420997897465,0.20158736798317972,2000
0.9,0.25,2.0,0.032,0.14,0.0095,0.10079368399158986,0.025198420997897465,0.20158736798317972,2000
0.9,0.25,2.0,0.032,0.2,0.097,0.10079368399158986,0.025198420997897465,0.20158736798317972,2000
0.9,0.25,2.0,0.032,0.28,0.29,0.10079368399158986,0.025198420997897465,0.20158736798317972,2000
0.9,0.25,2.0,0.032,0.4,0.619,0.10079368399158986,0.025198420997897465,0.20158736798317972,2000
0.9,0.25,2.0,0.032,0.6,0.8855,0.10079368399158986,0.025198420997897465,0.20158736798317972,2000
0.9,0.25,2.0,0.032,0.85,0.983,0.10079368399158986,0.025198420997897465,0.20158736798317972,2000
0.9,0.25,2.0,0.032,1.1,0.997,0.10079368399158986,0.025198420997897465,0.20158736798317972,2000
0.9,0.25,2.0,0.048,0.0,0.0,0.13207708995578507,0.03301927248894627,0.26415417991157014,2000
0.9,0.25,2.0,0.048,0.02,0.0,0.13207708995578507,0.03301927248894627,0.26415417991157014,2000
0.9,0.25,2.0,0.048,0.035,0.0,0.13207708995578507,0.03301927248894627,0.26415417991157014,2000
0.9,0.25,2.0,0.048,0.05,0.0,0.13207708995578507,0.03301927248894627,0.26415417991157014,2000
0.9,0.25,2.0,0.048,0.07,0.0,0.13207708995578507,0.03301927248894627,0.26415417991157014,2000
0.9,0.25,2.0,0.048,0.1,0.0,0.13207708995578507,0.03301927248894627,0.26415417991157014,2000
0.9,0.25,2.0,0.048,0.14,0.001,0.13207708995578507,0.03301927248894627,0.26415417991157014,2000
0.9,0.25,2.0,0.048,0.2,0.032,0.13207708995578507,0.03301927248894627,0.26415417991157014,2000
0.9,0.25,2.0,0.048,0.28,0.1665,0.13207708995578507,0.03301927248894627,0.26415417991157014,2000
0.9,0.25,2.0,0.048,0.4,0.436,0.13207708995578507,0.03301927248894627,0.26415417991157014,2000
0.9,0.25,2.0,0.048,0.6,0.7675,0.13207708995578507,0.03301927248894627,0.26415417991157014,2000
0.9,0.25,2.0,0.048,0.85,0.9385,0.13207708995578507,0.03301927248894627,0.26415417991157014,2000
0.9,0.25,2.0,0.048,1.1,0.9915,0.13207708995578507,0.03301927248894627,0.26415417991157014,2000
0.9,0.25,2.0,0.064,0.0,0.0,0.16000000000000003,0.04000000000000001,0.32000000000000006,2000
0.9,0.25,2.0,0.064,0.02,0.0,0.16000000000000003,0.04000000000000001,0.32000000000000006,2000
0.9,0.25,2.0,0.064,0.035,0.0,0.16000000000000003,0.04000000000000001,0.32000000000000006,2000
0.9,0.25,2.0,0.064,0.05,0.0,0.16000000000000003,0.04000000000000001,0.32000000000000006,2000
0.9,0.25,2.0,0.064,0.07,0.0,0.16000000000000003,0.04000000000000001,0.32000000000000006,2000
0.9,0.25,2.0,0.064,0.1,0.0,0.16000000000000003,0.04000000000000001,0.32000000000000006,2000
0.9,0.25,2.0,0.064,0.14,0.0005,0.16000000000000003,0.04000000000000001,0.32000000000000006,2000
0.9,0.25,2.0,0.064,0.2,0.0125,0.16000000000000003,0.04000000000000001,0.32000000000000006,2000
0.9,0.25,2.0,0.064,0.28,0.095,0.16000000000000003,0.04000000000000001,0.32000000000000006,2000
0.9,0.25,2.0,0.064,0.4,0.318,0.16000000000000003,0.04000000000000001,0.32000000000000006,2000
0.9,0.25,2.0,0.064,0.6,0.665,0.16000000000000003,0.04000000000000001,0.32000000000000006,2000
0.9,0.25,2.0,0.064,0.85,0.8775,0.16000000000000003,0.04000000000000001,0.32000000000000006,2000
0.9,0.25,2.0,0.064,1.1,0.956,0.16000000000000003,0.04000000000000001,0.32000000000000006,2000
0.9,0.5,3.0,0.004,0.0,0.0,0.02519842099789747,0.012599210498948734,0.0755952629936924,2000
0.9,0.5,3.0,0.004,0.02,0.0,0.02519842099789747,0.012599210498948734,0.0755952629936924,2000
0.9,0.5,3.0,0.004,0.035,0.0,0.02519842099789747,0.012599210498948734,0.0755952629936924,2000
0.9,0.5,3.0,0.004,0.05,0.001,0.02519842099789747,0.012599210498948734,0.0755952629936924,2000
0.9,0.5,3.0,0.004,0.07,0.0345,0.02519842099789747,0.012599210498948734,0.0755952629936924,2000
0.9,0.5,3.0,0.004,0.1,0.2105,0.02519842099789747,0.012599210498948734,0.0755952629936924,2000
0.9,0.5,3.0,0.004,0.14,0.503,0.02519842099789747,0.012599210498948734,0.0755952629936924,2000
0.9,0.5,3.0,0.004,0.2,0.8115,0.02519842099789747,0.012599210498948734,0.0755952629936924,2000
0.9,0.5,3.0,0.004,0.28,0.9645,0.02519842099789747,0.012599210498948734,0.0755952629936924,2000
0.9,0.5,3.0,0.004,0.4,0.9985,0.02519842099789747,0.012599210498948734,0.0755952629936924,2000
0.9,0.5,3.0,0.004,0.6,1.0,0.02519842099789747,0.012599210498948734,0.0755952629936924,2000
0.9,0.5,3.0,0.004,0.85,1.0,0.02519842099789747,0.012599210498948734,0.0755952629936924,2000
0.9,0.5,3.0,0.004,1.1,1.0,0.02519842099789747,0.012599210498948734,0.0755952629936924,2000
0.9,0.5,3.0,0.006,0.0,0.0,0.033019272488946275,0.016509636244473137,0.09905781746683882,2000
0.9,0.5,3.0,0.006,0.02,0.0,0.033019272488946275,0.016509636244473137,0.09905781746683882,2000
0.9,0.5,3.0,0.006,0.035,0.0,0.033019272488946275,0.016509636244473137,0.09905781746683882,2000
0.9,0.5,3.0,0.006,0.05,0.0,0.033019272488946275,0.016509636244473137,0.09905781746683882,2000
0.9,0.5,3.0,0.006,0.07,0.0105,0.033019272488946275,0.016509636244473137,0.09905781746683882,2000
0.9,0.5,3.0,0.006,0.1,0.0865,0.033019272488946275,0.016509636244473137,0.09905781746683882,2000
0.9,0.5,3.0,0.006,0.14,0.3215,0.033019272488946275,0.016509636244473137,0.09905781746683882,2000
0.9,0.5,3.0,0.006,0.2,0.6565,0.033019272488946275,0.016509636244473137,0.09905781746683882,2000
0.9,0.5,3.0,0.006,0.28,0.9035,0.033019272488946275,0.016509636244473137,0.09905781746683882,2000
0.9,0.5,3.0,0.006,0.4,0.9865,0.033019272488946275,0.016509636244473137,0.09905781746683882,2000
0.9,0.5,3.0,0.006,0.6,0.9995,0.033019272488946275,0.016509636244473137,0.09905781746683882,2000
0.9,0.5,3.0,0.006,0.85,1.0,0.033019272488946275,0.016509636244473137,0.09905781746683882,2000
0.9,0.5,3.0,0.006,1.1,1.0,0.033019272488946275,0.016509636244473137,0.09905781746683882,2000
0.9,0.5,3.0,0.008,0.0,0.0,0.04000000000000001,0.020000000000000004,0.12000000000000002,2000
0.9,0.5,3.0,0.008,0.02,0.0,0.04000000000000001,0.020000000000000004,0.12000000000000002,2000
0.9,0.5,3.0,0.008,0.035,0.0,0.04000000000000001,0.020000000000000004,0.12000000000000002,2000
0.9,0.5,3.0,0.008,0.05,0.0,0.04000000000000001,0.020000000000000004,0.12000000000000002,2000
0.9,0.5,3.0,0.008,0.07,0.003,0.04000000000000001,0.020000000000000004,0.12000000000000002,2000
0.9,0.5,3.0,0.008,0.1,0.0425,0.04000000000000001,0.020000000000000004,0.12000000000000002,2000
0.9,0.5,3.0,0.008,0.14,0.198,0.04000000000000001,0.020000000000000004,0.12000000000000002,2000
0.9,0.5,3.0,0.008,0.2,0.529,0.04000000000000001,0.020000000000000004,0.12000000000000002,2000
0.9,0.5,3.0,0.008,0.28,0.8245,0.04000000000000001,0.020000000000000004,0.12000000000000002,2000
0.9,0.5,3.0,0.008,0.4,0.9645,0.04000000000000001,0.020000000000000004,0.12000000000000002,2000
0.9,0.5,3.0,0.008,0.6,0.998,0.04000000000000001,0.020000000000000004,0.12000000000000002,2000
0.9,0.5,3.0,0.008,0.85,1.0,0.04000000000000001,0.020000000000000004,0.12000000000000002,2000
0.9,0.5,3.0,0.008,1.1,1.0,0.04000000000000001,0.020000000000000004,0.12000000000000002,2000
0.9,0.5,3.0,0.012,0.0,0.0,0.05241482788417794,0.02620741394208897,0.15724448365253382,2000
0.9,0.5,3.0,0.012,0.02,0.0,0.05241482788417794,0.02620741394208897,0.15724448365253382,2000
0.9,0.5,3.0,0.012,0.035,0.0,0.05241482788417794,0.02620741394208897,0.15724448365253382,2000
0.9,0.5,3.0,0.012,0.05,0.0,0.05241482788417794,0.02620741394208897,0.15724448365253382,2000
0.9,0.5,3.0,0.012,0.07,0.0,0.05241482788417794,0.02620741394208897,0.15724448365253382,2000
0.9,0.5,3.0,0.012,0.1,0.0145,0.05241482788417794,0.02620741394208897,0.15724448365253382,2000
0.9,0.5,3.0,0.012,0.14,0.0855,0.05241482788417794,0.02620741394208897,0.15724448365253382,2000
0.9,0.5,3.0,0.012,0.2,0.3225,0.05241482788417794,0.02620741394208897,0.15724448365253382,2000
0.9,0.5,3.0,0.012,0.28,0.6445,0.05241482788417794,0.02620741394208897,0.15724448365253382,2000
0.9,0.5,3.0,0.012,0.4,0.9135,0.05241482788417794,0.02620741394208897,0.15724448365253382,2000
0.9,0.5,3.0,0.012,0.6,0.993,0.05241482788417794,0.02620741394208897,0.15724448365253382,2000
0.9,0.5,3.0,0.012,0.85,0.9995,0.05241482788417794,0.02620741394208897,0.15724448365253382,2000
0.9,0.5,3.0,0.012,1.1,1.0,0.05241482788417794,0.02620741394208897,0.15724448365253382,2000
0.9,0.5,3.0,0.016,0.0,0.0,0.06349604207872799,0.03174802103936399,0.19048812623618394,2000
0.9,0.5,3.0,0.016,0.02,0.0,0.06349604207872799,0.03174802103936399,0.19048812623618394,2000
0.9,0.5,3.0,0.016,0.035,0.0,0.06349604207872799,0.03174802103936399,0.19048812623618394,2000
0.9,0.5,3.0,0.016,0.05,0.0,0.06349604207872799,0.03174802103936399,0.19048812623618394,2000
0.9,0.5,3.0,0.016,0.07,0.0,0.06349604207872799,0.03174802103936399,0.19048812623618394,2000
0.9,0.5,3.0,0.016,0.1,0.0025,0.06349604207872799,0.03174802103936399,0.19048812623618394,2000
0.9,0.5,3.0,0.016,0.14,0.051,0.06349604207872799,0.03174802103936399,0.19048812623618394,2000
0.9,0.5,3.0,0.016,0.2,0.214,0.06349604207872799,0.03174802103936399,0.19048812623618394,2000
0.9,0.5,3.0,0.016,0.28,0.5085,0.06349604207872799,0.03174802103936399,0.19048812623618394,2000
0.9,0.5,3.0,0.016,0.4,0.8305,0.06349604207872799,0.03174802103936399,0.19048812623618394,2000
0.9,0.5,3.0,0.016,0.6,0.9775,0.06349604207872799,0.03174802103936399,0.19048812623618394,2000
0.9,0.5,3.0,0.016,0.85,0.998,0.06349604207872799,0.03174802103936399,0.19048812623618394,2000
0.9,0.5,3.0,0.016,1.1,1.0,0.06349604207872799,0.03174802103936399,0.19048812623618394,2000
0.9,0.5,3.0,0.024,0.0,0.0,0.08320335292207617,0.04160167646103809,0.24961005876622852,2000
0.9,0.5,3.0,0.024,0.02,0.0,0.08320335292207617,0.04160167646103809,0.24961005876622852,2000
0.9,0.5,3.0,0.024,0.035,0.0,0.08320335292207617,0.04160167646103809,0.24961005876622852,2000
0.9,0.5,3.0,0.024,0.05,0.0,0.08320335292207617,0.04160167646103809,0.24961005876622852,2000
0.9,0.5,3.0,0.024,0.07,0.0,0.08320335292207617,0.04160167646103809,0.24961005876622852,2000
0.9,0.5,3.0,0.024,0.1,0.001,0.08320335292207617,0.04160167646103809,0.24961005876622852,2000
0.9,0.5,3.0,0.024,0.14,0.011,0.08320335292207617,0.04160167646103809,0.24961005876622852,2000
0.9,0.5,3.0,0.024,0.2,0.0835,0.08320335292207617,0.04160167646103809,0.24961005876622852,2000
0.9,0.5,3.0,0.024,0.28,0.327,0.08320335292207617,0.04160167646103809,0.24961005876622852,2000
0.9,0.5,3.0,0.024,0.4,0.6425,0.08320335292207617,0.04160167646103809,0.24961005876622852,2000
0.9,0.5,3.0,0.024,0.6,0.929,0.08320335292207617,0.04160167646103809,0.24961005876622852,2000
0.9,0.5,3.0,0.024,0.85,0.993,0.08320335292207617,0.04160167646103809,0.24961005876622852,2000
0.9,0.5,3.0,0.024,1.1,0.9985,0.08320335292207617,0.04160167646103809,0.24961005876622852,2000
0.9,0.5,3.0,0.032,0.0,0.0,0.10079368399158986,0.05039684199579493,0.3023810519747696,2000
0.9,0.5,3.0,0.032,0.02,0.0,0.10079368399158986,0.05039684199579493,0.3023810519747696,2000
0.9,0.5,3.0,0.032,0.035,0.0,0.10079368399158986,0.05039684199579493,0.3023810519747696,2000
0.9,0.5,3.0,0.032,0.05,0.0,0.10079368399158986,0.05039684199579493,0.3023810519747696,2000
0.9,0.5,3.0,0.032,0.07,0.0,0.10079368399158986,0.05039684199579493,0.3023810519747696,2000
0.9,0.5,3.0,0.032,0.1,0.0,0.10079368399158986,0.05039684199579493,0.3023810519747696,2000
0.9,0.5,3.0,0.032,0.14,0.002,0.10079368399158986,0.05039684199579493,0.3023810519747696,2000
0.9,0.5,3.0,0.032,0.2,0.0475,0.10079368399158986,0.05039684199579493,0.3023810519747696,2000
0.9,0.5,3.0,0.032,0.28,0.192,0.10079368399158986,0.05039684199579493,0.3023810519747696,2000
0.9,0.5,3.0,0.032,0.4,0.514,0.10079368399158986,0.05039684199579493,0.3023810519747696,2000
0.9,0.5,3.0,0.032,0.6,0.858,0.10079368399158986,0.05039684199579493,0.3023810519747696,2000
0.9,0.5,3.0,0.032,0.85,0.9775,0.10079368399158986,0.05039684199579493,0.3023810519747696,2000
0.9,0.5,3.0,0.032,1.1,0.999,0.10079368399158986,0.05039684199579493,0.3023810519747696,2000
0.9,0.5,3.0,0.048,0.0,0.0,0.13207708995578507,0.06603854497789254,0.39623126986735524,2000
0.9,0.5,3.0,0.048,0.02,0.0,0.13207708995578507,0.06603854497789254,0.39623126986735524,2000
0.9,0.5,3.0,0.048,0.035,0.0,0.13207708995578507,0.06603854497789254,0.39623126986735524,2000
0.9,0.5,3.0,0.048,0.05,0.0,0.13207708995578507,0.06603854497789254,0.39623126986735524,2000
0.9,0.5,3.0,0.048,0.07,0.0,0.13207708995578507,0.06603854497789254,0.39623126986735524,2000
0.9,0.5,3.0,0.048,0.1,0.0,0.13207708995578507,0.06603854497789254,0.39623126986735524,2000
0.9,0.5,3.0,0.048,0.14,0.0005,0.13207708995578507,0.06603854497789254,0.39623126986735524,2000
0.9,0.5,3.0,0.048,0.2,0.0125,0.13207708995578507,0.06603854497789254,0.39623126986735524,2000
0.9,0.5,3.0,0.048,0.28,0.0775,0.13207708995578507,0.06603854497789254,0.39623126986735524,2000
0.9,0.5,3.0,0.048,0.4,0.332,0.13207708995578507,0.06603854497789254,0.39623126986735524,2000
0.9,0.5,3.0,0.048,0.6,0.706,0.13207708995578507,0.06603854497789254,0.39623126986735524,2000
0.9,0.5,3.0,0.048,0.85,0.928,0.13207708995578507,0.06603854497789254,0.39623126986735524,2000
0.9,0.5,3.0,0.048,1.1,0.9835,0.13207708995578507,0.06603854497789254,0.39623126986735524,2000
0.9,0.5,3.0,0.064,0.0,0.0,0.16000000000000003,0.08000000000000002,0.4800000000000001,2000
0.9,0.5,3.0,0.064,0.02,0.0,0.16000000000000003,0.08000000000000002,0.4800000000000001,2000
0.9,0.5,3.0,0.064,0.035,0.0,0.16000000000000003,0.08000000000000002,0.4800000000000001,2000
0.9,0.5,3.0,0.064,0.05,0.0,0.16000000000000003,0.08000000000000002,0.4800000000000001,2000
0.9,0.5,3.0,0.064,0.07,0.0,0.16000000000000003,0.08000000000000002,0.4800000000000001,2000
0.9,0.5,3.0,0.064,0.1,0.0,0.16000000000000003,0.08000000000000002,0.4800000000000001,2000
0.9,0.5,3.0,0.064,0.14,0.0,0.16000000000000003,0.08000000000000002,0.4800000000000001,2000
0.9,0.5,3.0,0.064,0.2,0.002,0.16000000000000003,0.08000000000000002,0.4800000000000001,2000
0.9,0.5,3.0,0.064,0.28,0.042,0.16000000000000003,0.08000000000000002,0.4800000000000001,2000
0.9,0.5,3.0,0.064,0.4,0.2065,0.16000000000000003,0.08000000000000002,0.4800000000000001,2000
0.9,0.5,3.0,0.064,0.6,0.5785,0.16000000000000003,0.08000000000000002,0.4800000000000001,2000
0.9,0.5,3.0,0.064,0.85,0.865,0.16000000000000003,0.08000000000000002,0.4800000000000001,2000
0.9,0.5,3.0,0.064,1.1,0.959,0.16000000000000003,0.08000000000000002,0.4800000000000001,2000
