epsilon,delta_I,lambda,sigma_mult,sigma,n,p_any_hit,p_narrow_hit,p_broad_hit,p_no_hit,p_R_0p0_to_0p1,p_R_0p1_to_0p5,p_R_0p5_to_2p0,p_R_2p0_to_4p0,p_R_4p0_to_inf,p_entered_narrow,p_entered_broad,p_multi_narrow,p_multi_broad,median_hit_R,q25_hit_R,q75_hit_R,scale_half,scale_twothirds,scale_eps34
0.01,0.01,0.008,0.0,0.0,1000,0.0,0.0,0.0,1.0,0.0,0.0,0.0,0.0,0.0,1.0,1.0,0.0,0.0,,,,0.0,0.0,0.0
0.01,0.01,0.008,0.5,0.00447213595499958,1000,0.0,0.0,0.0,1.0,0.0,0.0,0.0,0.0,0.0,1.0,1.0,0.0,0.0,,,,0.5,1.1180339887498947,0.14142135623730953
0.01,0.01,0.008,1.0,0.00894427190999916,1000,0.008,0.0,0.0,0.992,0.008,0.0,0.0,0.0,0.0,1.0,1.0,0.0,0.0,0.002146433895431626,0.001347850212627171,0.00322813942252718,1.0,2.2360679774997894,0.28284271247461906
0.01,0.01,0.008,1.5,0.013416407864998741,1000,0.062,0.006,0.018,0.938,0.044,0.012,0.006,0.0,0.0,1.0,1.0,0.002,0.0,0.003844611902750896,0.001265495819815557,0.11616728182395913,1.5000000000000002,3.3541019662496843,0.4242640687119286
0.01,0.01,0.008,2.0,0.01788854381999832,1000,0.135,0.027,0.055,0.865,0.08,0.025,0.027,0.003,0.0,0.997,1.0,0.001,0.0,0.007394819634427792,0.0020795532027424605,0.4142519254308049,2.0,4.472135954999579,0.5656854249492381
0.01,0.01,0.008,2.5,0.022360679774997897,1000,0.167,0.042,0.094,0.833,0.071,0.036,0.042,0.016,0.002,0.986,0.999,0.0,0.002,0.17017040395829244,0.003665545487278339,0.8318816811493628,2.5,5.590169943749473,0.7071067811865476
0.01,0.01,0.008,3.0,0.026832815729997482,1000,0.255,0.08,0.152,0.745,0.095,0.037,0.08,0.035,0.008,0.963,0.994,0.003,0.003,0.4580956839785151,0.004709428906947441,1.344496236450997,3.0000000000000004,6.7082039324993685,0.8485281374238572
0.01,0.01,0.008,4.0,0.03577708763999664,1000,0.346,0.115,0.237,0.654,0.071,0.04,0.115,0.082,0.038,0.881,0.967,0.0,0.003,1.2288142032065696,0.2015619269671302,2.5906259692808664,4.0,8.944271909999157,1.1313708498984762
0.01,0.01,0.008,5.0,0.044721359549995794,1000,0.434,0.124,0.266,0.566,0.055,0.042,0.124,0.1,0.113,0.789,0.89,0.003,0.003,1.9405692843469327,0.6928773881627348,4.16591244638718,5.0,11.180339887498945,1.4142135623730951
0.01,0.01,0.008,6.5,0.05813776741499453,1000,0.542,0.1,0.272,0.458,0.055,0.039,0.1,0.133,0.215,0.654,0.789,0.0,0.001,3.2740863673869125,1.1648758958498038,5.2635390931297215,6.499999999999999,14.53444185374863,1.8384776310850237
0.01,0.01,0.008,8.0,0.07155417527999328,1000,0.585,0.104,0.264,0.415,0.047,0.037,0.104,0.123,0.274,0.605,0.729,0.0,0.001,3.685685943051748,1.417585572166944,6.045369216671861,8.0,17.888543819998315,2.2627416997969525
0.01,0.02,0.016,0.0,0.0,1000,0.0,0.0,0.0,1.0,0.0,0.0,0.0,0.0,0.0,1.0,1.0,0.0,0.0,,,,0.0,0.0,0.0
0.01,0.02,0.016,0.5,0.006324555320336759,1000,0.002,0.0,0.0,0.998,0.002,0.0,0.0,0.0,0.0,1.0,1.0,0.0,0.0,0.0021340200272459506,0.0019285723689215092,0.0023394676855703917,0.5,0.9960550474146117,0.2
0.01,0.02,0.016,1.0,0.012649110640673518,1000,0.05,0.0,0.002,0.95,0.048,0.002,0.0,0.0,0.0,1.0,1.0,0.0,0.0,0.0016334795354415702,0.0008509040413457937,0.0030324002859538983,1.0,1.9921100948292234,0.4
0.01,0.02,0.016,1.5,0.01897366596101028,1000,0.139,0.016,0.035,0.861,0.104,0.019,0.016,0.0,0.0,1.0,1.0,0.0,0.0,0.0028210992380492206,0.00118256871607665,0.09270292488975859,1.5000000000000002,2.988165142243836,0.6000000000000001
0.01,0.02,0.016,2.0,0.025298221281347035,1000,0.212,0.051,0.101,0.788,0.111,0.043,0.051,0.007,0.0,0.993,1.0,0.002,0.0,0.06595740925736843,0.0031150256306418005,0.5213092200266578,2.0,3.984220189658447,0.8
0.01,0.02,0.016,2.5,0.03162277660168379,1000,0.297,0.083,0.16,0.703,0.135,0.053,0.083,0.024,0.002,0.976,0.999,0.003,0.002,0.16229465523244427,0.003489347927370223,1.0617942174121342,2.5,4.980275237073058,1.0
0.01,0.02,0.016,3.0,0.03794733192202056,1000,0.341,0.127,0.213,0.659,0.114,0.04,0.127,0.046,0.014,0.943,0.986,0.002,0.0,0.6478217059043697,0.007385929968668987,1.496353439396534,3.0000000000000004,5.976330284487672,1.2000000000000002
0.01,0.02,0.016,4.0,0.05059644256269407,1000,0.497,0.156,0.347,0.503,0.1,0.07,0.156,0.121,0.05,0.83,0.951,0.001,0.001,1.1583244625236235,0.22069177179246607,2.635898172481964,4.0,7.968440379316894,1.6
0.01,0.02,0.016,5.0,0.06324555320336758,1000,0.588,0.177,0.379,0.412,0.068,0.062,0.177,0.14,0.141,0.72,0.861,0.001,0.002,1.8505821115012826,0.6199302164509373,3.9291925635094342,5.0,9.960550474146116,2.0
0.01,0.02,0.016,6.5,0.08221921916437785,1000,0.663,0.137,0.343,0.337,0.07,0.039,0.137,0.167,0.25,0.584,0.752,0.0,0.001,3.000329432153164,1.1574292883838169,5.210123786465511,6.499999999999999,12.94871561638995,2.6
0.01,0.02,0.016,8.0,0.10119288512538814,1000,0.731,0.121,0.346,0.269,0.047,0.036,0.121,0.189,0.338,0.473,0.663,0.0,0.001,3.7331152063060165,1.7284973180945742,5.863539822637456,8.0,15.936880758633787,3.2
0.01,0.04,0.032,0.0,0.0,1000,0.0,0.0,0.0,1.0,0.0,0.0,0.0,0.0,0.0,1.0,1.0,0.0,0.0,,,,0.0,0.0,0.0
0.01,0.04,0.032,0.5,0.00894427190999916,1000,0.026,0.0,0.0,0.974,0.026,0.0,0.0,0.0,0.0,1.0,1.0,0.0,0.0,0.0015248247861926604,0.0007546664652161371,0.0027443148050480784,0.5,0.8873841649388925,0.28284271247461906
0.01,0.04,0.032,1.0,0.01788854381999832,1000,0.137,0.004,0.02,0.863,0.117,0.016,0.004,0.0,0.0,1.0,1.0,0.0,0.0,0.002476045745262146,0.0010859579450056714,0.005210718247771702,1.0,1.774768329877785,0.5656854249492381
0.01,0.04,0.032,1.5,0.026832815729997482,1000,0.227,0.032,0.078,0.773,0.149,0.045,0.032,0.001,0.0,1.0,1.0,0.0,0.0,0.004007293235550711,0.0014562059591507696,0.23053497733856806,1.5000000000000002,2.6621524948166777,0.8485281374238572
0.01,0.04,0.032,2.0,0.03577708763999664,1000,0.325,0.099,0.179,0.675,0.145,0.065,0.099,0.015,0.001,0.984,0.999,0.002,0.0,0.1906926741490103,0.002812043198283559,0.7482052126709849,2.0,3.54953665975557,1.1313708498984762
0.01,0.04,0.032,2.5,0.044721359549995794,1000,0.412,0.158,0.274,0.588,0.137,0.066,0.158,0.05,0.001,0.949,0.999,0.001,0.001,0.521186319405851,0.008295767403205829,1.1965288264064173,2.5,4.436920824694462,1.4142135623730951
0.01,0.04,0.032,3.0,0.053665631459994964,1000,0.493,0.186,0.33,0.507,0.14,0.063,0.186,0.081,0.023,0.896,0.977,0.0,0.0,0.7735120215314601,0.040042125242831406,1.7380319564497697,3.0000000000000004,5.324304989633355,1.6970562748477145
0.01,0.04,0.032,4.0,0.07155417527999328,1000,0.632,0.22,0.431,0.368,0.098,0.067,0.22,0.144,0.103,0.753,0.898,0.0,0.001,1.4540352486312917,0.4472611092139148,2.9649112302630325,4.0,7.09907331951114,2.2627416997969525
0.01,0.04,0.032,5.0,0.08944271909999159,1000,0.715,0.192,0.451,0.285,0.078,0.059,0.192,0.2,0.186,0.614,0.814,0.0,0.0,2.2353110811460604,0.8870489801554851,4.085370031877918,5.0,8.873841649388924,2.8284271247461903
0.01,0.04,0.032,6.5,0.11627553482998906,1000,0.815,0.153,0.378,0.185,0.064,0.039,0.153,0.186,0.373,0.441,0.629,0.0,0.0,3.6749239600691417,1.5300837814869555,5.671645168574245,6.499999999999999,11.5359941442056,3.6769552621700474
0.01,0.04,0.032,8.0,0.14310835055998655,1000,0.862,0.132,0.343,0.138,0.037,0.029,0.132,0.182,0.482,0.336,0.518,0.0,0.0,4.442504554778116,2.217457404044847,6.292893746187439,8.0,14.19814663902228,4.525483399593905
0.02,0.01,0.008,0.0,0.0,1000,0.0,0.0,0.0,1.0,0.0,0.0,0.0,0.0,0.0,1.0,1.0,0.0,0.0,,,,0.0,0.0,0.0
0.02,0.01,0.008,0.5,0.006324555320336759,1000,0.0,0.0,0.0,1.0,0.0,0.0,0.0,0.0,0.0,1.0,1.0,0.0,0.0,,,,0.5,1.1180339887498947,0.11892071150027211
0.02,0.01,0.008,1.0,0.012649110640673518,1000,0.006,0.0,0.0,0.994,0.006,0.0,0.0,0.0,0.0,1.0,1.0,0.0,0.0,0.00157007686371163,0.0013112345745958502,0.002210823780062189,1.0,2.2360679774997894,0.23784142300054423
0.02,0.01,0.008,1.5,0.018973665961010275,1000,0.033,0.002,0.006,0.967,0.027,0.004,0.002,0.0,0.0,1.0,1.0,0.0,0.0,0.0028767961762577073,0.0006837501698303932,0.004992677037550807,1.5,3.354101966249684,0.35676213450081634
0.02,0.01,0.008,2.0,0.025298221281347035,1000,0.076,0.013,0.031,0.924,0.045,0.016,0.013,0.002,0.0,1.0,1.0,0.0,0.001,0.004805914183355537,0.0012907496538986797,0.3335733835559641,2.0,4.472135954999579,0.47568284600108846
0.02,0.01,0.008,2.5,0.03162277660168379,1000,0.124,0.032,0.07,0.876,0.051,0.03,0.032,0.008,0.003,0.99,0.999,0.0,0.001,0.19869019839245128,0.0027178516415961246,0.7581579909188322,2.5,5.590169943749473,0.5946035575013605
0.02,0.01,0.008,3.0,0.03794733192202055,1000,0.163,0.048,0.1,0.837,0.057,0.028,0.048,0.024,0.006,0.976,0.994,0.006,0.0,0.4525836245562832,0.004351761678528231,1.6178849116170757,3.0,6.708203932499368,0.7135242690016327
0.02,0.01,0.008,4.0,0.05059644256269407,1000,0.29,0.076,0.178,0.71,0.077,0.038,0.076,0.064,0.035,0.905,0.969,0.002,0.002,0.8965152243590815,0.0708023324958327,2.838038085225958,4.0,8.944271909999157,0.9513656920021769
0.02,0.01,0.008,5.0,0.06324555320336758,1000,0.349,0.095,0.214,0.651,0.064,0.037,0.095,0.082,0.071,0.849,0.935,0.001,0.004,1.5477723004675683,0.34617365160796626,3.782736255251859,5.0,11.180339887498945,1.189207115002721
0.02,0.01,0.008,6.5,0.08221921916437785,1000,0.463,0.103,0.267,0.537,0.05,0.037,0.103,0.127,0.146,0.729,0.855,0.0,0.003,2.5093856915260164,0.8856143280026871,4.7332238495723225,6.499999999999999,14.53444185374863,1.5459692495035373
0.02,0.01,0.008,8.0,0.10119288512538814,1000,0.569,0.103,0.268,0.431,0.052,0.029,0.103,0.136,0.249,0.616,0.755,0.001,0.001,3.426895815458395,1.4439483610175903,5.766542848626856,8.0,17.888543819998315,1.9027313840043538
0.02,0.02,0.016,0.0,0.0,1000,0.0,0.0,0.0,1.0,0.0,0.0,0.0,0.0,0.0,1.0,1.0,0.0,0.0,,,,0.0,0.0,0.0
0.02,0.02,0.016,0.5,0.008944271909999158,1000,0.001,0.0,0.0,0.999,0.001,0.0,0.0,0.0,0.0,1.0,1.0,0.0,0.0,0.0004895443406776363,0.0004895443406776363,0.0004895443406776363,0.5,0.9960550474146117,0.1681792830507429
0.02,0.02,0.016,1.0,0.017888543819998316,1000,0.042,0.0,0.003,0.958,0.039,0.003,0.0,0.0,0.0,1.0,1.0,0.0,0.0,0.0009007810743712928,0.00028382178543432063,0.0014831691645344964,1.0,1.9921100948292234,0.3363585661014858
0.02,0.02,0.016,1.5,0.026832815729997475,1000,0.109,0.013,0.029,0.891,0.08,0.016,0.013,0.0,0.0,1.0,1.0,0.002,0.0,0.0019763135679148705,0.000772518361115384,0.1784348826790356,1.5,2.9881651422438353,0.5045378491522288
0.02,0.02,0.016,2.0,0.03577708763999663,1000,0.172,0.032,0.069,0.828,0.103,0.036,0.032,0.001,0.0,1.0,1.0,0.0,0.001,0.004492529867648099,0.001244744638157963,0.38383406069753917,2.0,3.984220189658447,0.6727171322029716
0.02,0.02,0.016,2.5,0.04472135954999579,1000,0.238,0.068,0.132,0.762,0.102,0.045,0.068,0.019,0.004,0.979,0.997,0.002,0.0,0.24160032950770577,0.002956487087611001,1.0175515740514722,2.5,4.980275237073058,0.8408964152537145
0.02,0.02,0.016,3.0,0.05366563145999495,1000,0.288,0.084,0.182,0.712,0.097,0.058,0.084,0.04,0.009,0.952,0.993,0.002,0.001,0.3788069673729231,0.0038535616684610445,1.6085643463295276,3.0,5.976330284487671,1.0090756983044575
0.02,0.02,0.016,4.0,0.07155417527999326,1000,0.414,0.141,0.28,0.586,0.08,0.049,0.141,0.09,0.054,0.857,0.947,0.002,0.003,1.2319281923520295,0.27246608833593,2.646506556260737,4.0,7.968440379316894,1.3454342644059432
0.02,0.02,0.016,5.0,0.08944271909999157,1000,0.504,0.151,0.328,0.496,0.076,0.049,0.151,0.128,0.1,0.773,0.902,0.001,0.001,1.7190015499237936,0.5205866252696564,3.4570592895171726,5.0,9.960550474146116,1.681792830507429
0.02,0.02,0.016,6.5,0.11627553482998905,1000,0.618,0.137,0.329,0.382,0.05,0.047,0.137,0.145,0.239,0.618,0.763,0.001,0.001,2.894517780336219,1.0514379485818164,5.3695467610757355,6.5,12.948715616389952,2.1863306796596578
0.02,0.02,0.016,8.0,0.14310835055998652,1000,0.673,0.127,0.325,0.327,0.058,0.04,0.127,0.158,0.29,0.555,0.711,0.002,0.0,3.3239283200079703,1.2765466756883432,5.649065500205609,8.0,15.936880758633787,2.6908685288118863
0.02,0.04,0.032,0.0,0.0,1000,0.0,0.0,0.0,1.0,0.0,0.0,0.0,0.0,0.0,1.0,1.0,0.0,0.0,,,,0.0,0.0,0.0
0.02,0.04,0.032,0.5,0.012649110640673518,1000,0.005,0.0,0.0,0.995,0.005,0.0,0.0,0.0,0.0,1.0,1.0,0.0,0.0,0.0010861057830740257,0.00029753953449581955,0.002417677590770105,0.5,0.8873841649388925,0.23784142300054423
0.02,0.04,0.032,1.0,0.025298221281347035,1000,0.097,0.0,0.008,0.903,0.089,0.008,0.0,0.0,0.0,1.0,1.0,0.0,0.0,0.001258296874635262,0.0005326163005433446,0.0025139121770874945,1.0,1.774768329877785,0.47568284600108846
0.02,0.04,0.032,1.5,0.03794733192202055,1000,0.206,0.025,0.065,0.794,0.141,0.038,0.025,0.002,0.0,0.999,1.0,0.0,0.0,0.0027259623928214648,0.0008524344801694728,0.20191223063677846,1.5,2.6621524948166773,0.7135242690016327
0.02,0.04,0.032,2.0,0.05059644256269407,1000,0.275,0.075,0.14,0.725,0.135,0.059,0.075,0.006,0.0,0.994,1.0,0.001,0.0,0.1101147277940577,0.001799115644487531,0.6252588552303211,2.0,3.54953665975557,0.9513656920021769
0.02,0.04,0.032,2.5,0.06324555320336758,1000,0.351,0.117,0.21,0.649,0.14,0.059,0.117,0.034,0.001,0.967,0.999,0.001,0.0,0.3483007224076581,0.0030459607891363035,1.0857680747072647,2.5,4.436920824694462,1.189207115002721
0.02,0.04,0.032,3.0,0.0758946638440411,1000,0.404,0.15,0.26,0.596,0.134,0.061,0.15,0.049,0.01,0.942,0.991,0.002,0.0,0.5119885226327758,0.005437657286435911,1.3669765864480614,3.0,5.3243049896333545,1.4270485380032654
0.02,0.04,0.032,4.0,0.10119288512538814,1000,0.55,0.196,0.377,0.45,0.09,0.062,0.196,0.119,0.083,0.798,0.921,0.002,0.002,1.3558262292763108,0.414082454160127,2.8845770569018674,4.0,7.09907331951114,1.9027313840043538
0.02,0.04,0.032,5.0,0.12649110640673517,1000,0.645,0.163,0.396,0.355,0.075,0.054,0.163,0.179,0.174,0.647,0.828,0.001,0.003,2.3280258174278377,0.6904033023554068,4.165437614404844,5.0,8.873841649388924,2.378414230005442
0.02,0.04,0.032,6.5,0.1644384383287557,1000,0.755,0.152,0.403,0.245,0.057,0.043,0.152,0.208,0.295,0.498,0.705,0.0,0.0,3.2090129671161516,1.4365726591702135,5.214792283248585,6.499999999999999,11.5359941442056,3.0919384990070746
0.02,0.04,0.032,8.0,0.20238577025077628,1000,0.801,0.109,0.337,0.199,0.044,0.031,0.109,0.197,0.42,0.383,0.583,0.0,0.001,4.208749076681838,2.167483583473977,6.086037088557901,8.0,14.19814663902228,3.8054627680087076
0.04,0.01,0.008,0.0,0.0,1000,0.0,0.0,0.0,1.0,0.0,0.0,0.0,0.0,0.0,1.0,1.0,0.0,0.0,,,,0.0,0.0,0.0
0.04,0.01,0.008,0.5,0.00894427190999916,1000,0.0,0.0,0.0,1.0,0.0,0.0,0.0,0.0,0.0,1.0,1.0,0.0,0.0,,,,0.5,1.1180339887498947,0.1
0.04,0.01,0.008,1.0,0.01788854381999832,1000,0.001,0.0,0.001,0.999,0.0,0.001,0.0,0.0,0.0,1.0,1.0,0.0,0.0,0.12060128794017043,0.12060128794017043,0.12060128794017043,1.0,2.2360679774997894,0.2
0.04,0.01,0.008,1.5,0.026832815729997482,1000,0.012,0.0,0.003,0.988,0.009,0.002,0.0,0.001,0.0,1.0,1.0,0.0,0.0,0.0013088324895495832,0.0009592291690043573,0.03584312263887159,1.5000000000000002,3.3541019662496843,0.30000000000000004
0.04,0.01,0.008,2.0,0.03577708763999664,1000,0.058,0.009,0.016,0.942,0.042,0.007,0.009,0.0,0.0,1.0,1.0,0.001,0.0,0.0019461772457131893,0.0009037241971824174,0.16438238501481478,2.0,4.472135954999579,0.4
0.04,0.01,0.008,2.5,0.044721359549995794,1000,0.112,0.027,0.052,0.888,0.06,0.017,0.027,0.008,0.0,0.996,1.0,0.0,0.0,0.041302836242480594,0.0013402328086562433,0.7125793766077277,2.5,5.590169943749473,0.5
0.04,0.01,0.008,3.0,0.053665631459994964,1000,0.153,0.036,0.086,0.847,0.063,0.028,0.036,0.022,0.004,0.977,0.998,0.001,0.002,0.27129819075402856,0.0017682985480918449,1.341691340579734,3.0000000000000004,6.7082039324993685,0.6000000000000001
0.04,0.01,0.008,4.0,0.07155417527999328,1000,0.232,0.075,0.144,0.768,0.065,0.024,0.075,0.045,0.023,0.935,0.979,0.0,0.003,0.9347629076864359,0.005098306449192953,2.3163750062532364,4.0,8.944271909999157,0.8
0.04,0.01,0.008,5.0,0.08944271909999159,1000,0.294,0.081,0.187,0.706,0.053,0.029,0.081,0.077,0.054,0.87,0.951,0.002,0.0,1.4606445851548724,0.34101944782061955,3.405468705030641,5.0,11.180339887498945,1.0
0.04,0.01,0.008,6.5,0.11627553482998906,1000,0.389,0.09,0.207,0.611,0.051,0.02,0.09,0.097,0.131,0.774,0.875,0.0,0.003,2.829839106185706,0.8935980853762358,4.710321423047433,6.499999999999999,14.53444185374863,1.3
0.04,0.01,0.008,8.0,0.14310835055998655,1000,0.471,0.096,0.217,0.529,0.044,0.02,0.096,0.101,0.21,0.693,0.793,0.001,0.002,3.44071311162462,1.3362082839029694,5.6872266125161826,8.0,17.888543819998315,1.6
0.04,0.02,0.016,0.0,0.0,1000,0.0,0.0,0.0,1.0,0.0,0.0,0.0,0.0,0.0,1.0,1.0,0.0,0.0,,,,0.0,0.0,0.0
0.04,0.02,0.016,0.5,0.012649110640673518,1000,0.0,0.0,0.0,1.0,0.0,0.0,0.0,0.0,0.0,1.0,1.0,0.0,0.0,,,,0.5,0.9960550474146117,0.1414213562373095
0.04,0.02,0.016,1.0,0.025298221281347035,1000,0.013,0.0,0.0,0.987,0.013,0.0,0.0,0.0,0.0,1.0,1.0,0.0,0.0,0.0006048761786418836,0.00031549237289729676,0.0009390295127260222,1.0,1.9921100948292234,0.282842712474619
0.04,0.02,0.016,1.5,0.03794733192202056,1000,0.065,0.006,0.015,0.935,0.05,0.009,0.006,0.0,0.0,1.0,1.0,0.001,0.0,0.0013000455369671009,0.0004649299288309193,0.041246149030022335,1.5000000000000002,2.988165142243836,0.42426406871192857
0.04,0.02,0.016,2.0,0.05059644256269407,1000,0.12,0.027,0.049,0.88,0.071,0.02,0.027,0.002,0.0,0.998,1.0,0.003,0.0,0.002936555455459947,0.0006263848524746538,0.4893774820283095,2.0,3.984220189658447,0.565685424949238
0.04,0.02,0.016,2.5,0.06324555320336758,1000,0.195,0.05,0.102,0.805,0.091,0.028,0.05,0.024,0.002,0.975,0.998,0.002,0.0,0.20368346531037032,0.0013838794032795512,1.1620668394158309,2.5,4.980275237073058,0.7071067811865475
0.04,0.02,0.016,3.0,0.07589466384404112,1000,0.237,0.081,0.143,0.763,0.088,0.029,0.081,0.033,0.006,0.963,0.995,0.001,0.0,0.5153571459992832,0.002210048371041058,1.5247107615099869,3.0000000000000004,5.976330284487672,0.8485281374238571
0.04,0.02,0.016,4.0,0.10119288512538814,1000,0.338,0.107,0.214,0.662,0.09,0.043,0.107,0.064,0.034,0.903,0.966,0.0,0.003,0.9237127576027804,0.0654840648604963,2.3254464011314355,4.0,7.968440379316894,1.131370849898476
0.04,0.02,0.016,5.0,0.12649110640673517,1000,0.427,0.117,0.241,0.573,0.077,0.041,0.117,0.083,0.109,0.808,0.895,0.001,0.0,1.7079108898090882,0.3651874474037997,4.046928774816108,5.0,9.960550474146116,1.414213562373095
0.04,0.02,0.016,6.5,0.1644384383287557,1000,0.522,0.108,0.288,0.478,0.058,0.045,0.108,0.135,0.176,0.69,0.827,0.0,0.004,2.6726051194223057,0.9772521429804689,4.876416427405433,6.499999999999999,12.94871561638995,1.8384776310850233
0.04,0.02,0.016,8.0,0.20238577025077628,1000,0.621,0.108,0.282,0.379,0.05,0.032,0.108,0.142,0.289,0.57,0.714,0.0,0.001,3.6806012709516778,1.5351728899942052,5.617702752829923,8.0,15.936880758633787,2.262741699796952
0.04,0.04,0.032,0.0,0.0,1000,0.0,0.0,0.0,1.0,0.0,0.0,0.0,0.0,0.0,1.0,1.0,0.0,0.0,,,,0.0,0.0,0.0
0.04,0.04,0.032,0.5,0.01788854381999832,1000,0.004,0.0,0.0,0.996,0.004,0.0,0.0,0.0,0.0,1.0,1.0,0.0,0.0,0.00017971716346438957,0.00010159424141248738,0.0003783120709991445,0.5,0.8873841649388925,0.2
0.04,0.04,0.032,1.0,0.03577708763999664,1000,0.064,0.0,0.003,0.936,0.061,0.003,0.0,0.0,0.0,1.0,1.0,0.0,0.0,0.0008322360926986882,0.000403542341647684,0.001630443499013225,1.0,1.774768329877785,0.4
0.04,0.04,0.032,1.5,0.053665631459994964,1000,0.149,0.017,0.04,0.851,0.109,0.023,0.017,0.0,0.0,1.0,1.0,0.001,0.0,0.0014299649066141006,0.0005549213874565126,0.13248885688509363,1.5000000000000002,2.6621524948166777,0.6000000000000001
0.04,0.04,0.032,2.0,0.07155417527999328,1000,0.222,0.052,0.095,0.778,0.127,0.036,0.052,0.007,0.0,0.993,1.0,0.0,0.0,0.0037167799793875263,0.0011032515860436554,0.527735826469608,2.0,3.54953665975557,0.8
0.04,0.04,0.032,2.5,0.08944271909999159,1000,0.285,0.082,0.159,0.715,0.124,0.054,0.082,0.023,0.002,0.975,0.999,0.0,0.0,0.21953110232929887,0.0018388080666947122,0.9325907140936878,2.5,4.436920824694462,1.0
0.04,0.04,0.032,3.0,0.10733126291998993,1000,0.392,0.136,0.254,0.608,0.124,0.062,0.136,0.056,0.014,0.93,0.986,0.0,0.0,0.564706547669682,0.00426143246519777,1.6510969642615794,3.0000000000000004,5.324304989633355,1.2000000000000002
0.04,0.04,0.032,4.0,0.14310835055998655,1000,0.5,0.158,0.335,0.5,0.11,0.054,0.158,0.123,0.055,0.822,0.946,0.001,0.002,1.2234072873545419,0.1977573879196055,2.8705125872856856,4.0,7.09907331951114,1.6
0.04,0.04,0.032,5.0,0.17888543819998318,1000,0.596,0.171,0.379,0.404,0.098,0.042,0.171,0.166,0.119,0.719,0.883,0.0,0.002,1.9171829928653552,0.5449194476682606,3.5454630384942183,5.0,8.873841649388924,2.0
0.04,0.04,0.032,6.5,0.23255106965997813,1000,0.691,0.137,0.361,0.309,0.059,0.042,0.137,0.182,0.271,0.548,0.731,0.001,0.0,3.0108225957157906,1.2907189042180107,5.3986868340765,6.499999999999999,11.5359941442056,2.6
0.04,0.04,0.032,8.0,0.2862167011199731,1000,0.752,0.112,0.317,0.248,0.06,0.039,0.112,0.166,0.375,0.46,0.627,0.0,0.0,3.9981775834499205,1.6057684182646428,6.089770780998203,8.0,14.19814663902228,3.2
0.08,0.01,0.008,0.0,0.0,1000,0.0,0.0,0.0,1.0,0.0,0.0,0.0,0.0,0.0,1.0,1.0,0.0,0.0,,,,0.0,0.0,0.0
0.08,0.01,0.008,0.5,0.012649110640673518,1000,0.0,0.0,0.0,1.0,0.0,0.0,0.0,0.0,0.0,1.0,1.0,0.0,0.0,,,,0.5,1.1180339887498947,0.08408964152537146
0.08,0.01,0.008,1.0,0.025298221281347035,1000,0.001,0.0,0.0,0.999,0.001,0.0,0.0,0.0,0.0,1.0,1.0,0.0,0.0,0.0009860240100587486,0.0009860240100587486,0.0009860240100587486,1.0,2.2360679774997894,0.16817928305074292
0.08,0.01,0.008,1.5,0.03794733192202055,1000,0.008,0.0,0.001,0.992,0.007,0.001,0.0,0.0,0.0,1.0,1.0,0.0,0.0,0.0005524091275738384,0.00019052404324901528,0.0011106253912791732,1.5,3.354101966249684,0.2522689245761144
0.08,0.01,0.008,2.0,0.05059644256269407,1000,0.024,0.004,0.007,0.976,0.017,0.002,0.004,0.001,0.0,0.999,1.0,0.0,0.0,0.0015297370086401483,0.000551352353863555,0.21370771664646096,2.0,4.472135954999579,0.33635856610148585
0.08,0.01,0.008,2.5,0.06324555320336758,1000,0.044,0.005,0.016,0.956,0.028,0.009,0.005,0.002,0.0,0.999,1.0,0.0,0.0,0.002802441186383485,0.0006020467294385679,0.3022849048118127,2.5,5.590169943749473,0.42044820762685725
0.08,0.01,0.008,3.0,0.0758946638440411,1000,0.112,0.036,0.071,0.888,0.039,0.022,0.036,0.013,0.002,0.987,0.999,0.007,0.004,0.36050748280900846,0.002360854582608014,1.1364888375930866,3.0,6.708203932499368,0.5045378491522288
0.08,0.01,0.008,4.0,0.10119288512538814,1000,0.171,0.054,0.116,0.829,0.048,0.02,0.054,0.042,0.007,0.956,0.994,0.004,0.0,0.8816488290654819,0.022182122637029275,2.0891718789300557,4.0,8.944271909999157,0.6727171322029717
0.08,0.01,0.008,5.0,0.12649110640673517,1000,0.269,0.077,0.176,0.731,0.052,0.029,0.077,0.07,0.041,0.894,0.965,0.005,0.003,1.5727544301851515,0.22816391625145563,2.9821154789804076,5.0,11.180339887498945,0.8408964152537145
0.08,0.01,0.008,6.5,0.1644384383287557,1000,0.357,0.079,0.201,0.643,0.049,0.022,0.079,0.1,0.107,0.797,0.9,0.001,0.002,2.754890116142872,0.8186750983105268,4.379539296333599,6.499999999999999,14.53444185374863,1.0931653398298289
0.08,0.01,0.008,8.0,0.20238577025077628,1000,0.44,0.093,0.221,0.56,0.049,0.026,0.093,0.102,0.17,0.728,0.831,0.001,0.0,3.05981833241794,1.0522341991653255,5.386971182374085,8.0,17.888543819998315,1.3454342644059434
0.08,0.02,0.016,0.0,0.0,1000,0.0,0.0,0.0,1.0,0.0,0.0,0.0,0.0,0.0,1.0,1.0,0.0,0.0,,,,0.0,0.0,0.0
0.08,0.02,0.016,0.5,0.017888543819998316,1000,0.0,0.0,0.0,1.0,0.0,0.0,0.0,0.0,0.0,1.0,1.0,0.0,0.0,,,,0.5,0.9960550474146117,0.1189207115002721
0.08,0.02,0.016,1.0,0.03577708763999663,1000,0.004,0.0,0.0,0.996,0.004,0.0,0.0,0.0,0.0,1.0,1.0,0.0,0.0,0.0002849456994844472,9.544466794088621e-05,0.0007786606269257602,1.0,1.9921100948292234,0.2378414230005442
0.08,0.02,0.016,1.5,0.05366563145999495,1000,0.037,0.005,0.008,0.963,0.029,0.003,0.005,0.0,0.0,1.0,1.0,0.0,0.0,0.001444145391098128,0.0003640693471937383,0.036442689239745106,1.5,2.9881651422438353,0.35676213450081634
0.08,0.02,0.016,2.0,0.07155417527999326,1000,0.088,0.018,0.038,0.912,0.05,0.019,0.018,0.001,0.0,0.999,1.0,0.0,0.0,0.0017116905594666571,0.0004705239551239868,0.4321503198344543,2.0,3.984220189658447,0.4756828460010884
0.08,0.02,0.016,2.5,0.08944271909999157,1000,0.148,0.041,0.082,0.852,0.064,0.025,0.041,0.016,0.002,0.983,0.998,0.003,0.0,0.21737711443636953,0.0009565259840850083,0.9568066422402354,2.5,4.980275237073058,0.5946035575013605
0.08,0.02,0.016,3.0,0.1073312629199899,1000,0.203,0.06,0.111,0.797,0.087,0.035,0.06,0.016,0.005,0.98,0.995,0.0,0.001,0.28256157586355773,0.001412570972403509,1.1050954865838252,3.0,5.976330284487671,0.7135242690016327
0.08,0.02,0.016,4.0,0.14310835055998652,1000,0.278,0.088,0.181,0.722,0.069,0.035,0.088,0.058,0.028,0.917,0.974,0.001,0.001,0.9696564385490818,0.11936264198526941,2.5388159761546887,4.0,7.968440379316894,0.9513656920021768
0.08,0.02,0.016,5.0,0.17888543819998315,1000,0.379,0.115,0.239,0.621,0.064,0.035,0.115,0.089,0.076,0.838,0.924,0.001,0.0,1.6375792873434671,0.44949875117912563,3.513485650216758,5.0,9.960550474146116,1.189207115002721
0.08,0.02,0.016,6.5,0.2325510696599781,1000,0.495,0.112,0.27,0.505,0.066,0.042,0.112,0.116,0.159,0.728,0.842,0.001,0.002,2.429490742388556,0.7121374408322366,4.665195209531418,6.5,12.948715616389952,1.5459692495035373
0.08,0.02,0.016,8.0,0.28621670111997305,1000,0.561,0.111,0.28,0.439,0.055,0.037,0.111,0.132,0.226,0.643,0.776,0.001,0.0,3.262822701415469,1.1769452581975395,5.110404689826562,8.0,15.936880758633787,1.9027313840043536
0.08,0.04,0.032,0.0,0.0,1000,0.0,0.0,0.0,1.0,0.0,0.0,0.0,0.0,0.0,1.0,1.0,0.0,0.0,,,,0.0,0.0,0.0
0.08,0.04,0.032,0.5,0.025298221281347035,1000,0.001,0.0,0.0,0.999,0.001,0.0,0.0,0.0,0.0,1.0,1.0,0.0,0.0,0.0005880256508220299,0.0005880256508220299,0.0005880256508220299,0.5,0.8873841649388925,0.16817928305074292
0.08,0.04,0.032,1.0,0.05059644256269407,1000,0.028,0.0,0.001,0.972,0.027,0.001,0.0,0.0,0.0,1.0,1.0,0.0,0.0,0.0006635256283837995,0.0003792393289931956,0.001007782350026661,1.0,1.774768329877785,0.33635856610148585
0.08,0.04,0.032,1.5,0.0758946638440411,1000,0.119,0.01,0.03,0.881,0.089,0.02,0.01,0.0,0.0,1.0,1.0,0.0,0.0,0.001116556886078725,0.0003269279204023398,0.113512374550619,1.5,2.6621524948166773,0.5045378491522288
0.08,0.04,0.032,2.0,0.10119288512538814,1000,0.182,0.041,0.084,0.818,0.098,0.039,0.041,0.004,0.0,0.996,1.0,0.0,0.0,0.01564004381789571,0.0008546802648083591,0.49677876859000364,2.0,3.54953665975557,0.6727171322029717
0.08,0.04,0.032,2.5,0.12649110640673517,1000,0.247,0.07,0.142,0.753,0.105,0.055,0.07,0.017,0.0,0.983,1.0,0.0,0.0,0.2420670451205697,0.0011743141105912418,0.8026853212172103,2.5,4.436920824694462,0.8408964152537145
0.08,0.04,0.032,3.0,0.1517893276880822,1000,0.336,0.112,0.21,0.664,0.116,0.053,0.112,0.045,0.01,0.946,0.99,0.0,0.0,0.48084788789400473,0.0018432533281704214,1.4030494013306893,3.0,5.3243049896333545,1.0090756983044575
0.08,0.04,0.032,4.0,0.20238577025077628,1000,0.437,0.148,0.29,0.563,0.091,0.052,0.148,0.09,0.056,0.855,0.945,0.0,0.0,1.0532662207412093,0.2465354841923469,2.6554401260204936,4.0,7.09907331951114,1.3454342644059434
0.08,0.04,0.032,5.0,0.25298221281347033,1000,0.522,0.154,0.306,0.478,0.095,0.048,0.154,0.104,0.121,0.775,0.883,0.001,0.0,1.6867594022855446,0.38357414649362953,3.8253751400305034,5.0,8.873841649388924,1.681792830507429
0.08,0.04,0.032,6.5,0.3288768766575114,1000,0.616,0.142,0.346,0.384,0.065,0.035,0.142,0.169,0.205,0.627,0.795,0.0,0.0,2.7357570920878294,0.9895755949390328,4.747274108019481,6.499999999999999,11.5359941442056,2.1863306796596578
0.08,0.04,0.032,8.0,0.40477154050155256,1000,0.679,0.132,0.314,0.321,0.055,0.038,0.132,0.144,0.31,0.547,0.691,0.002,0.0,3.592960518220063,1.3518530371193158,5.877463578889092,8.0,14.19814663902228,2.6908685288118868
