epsilon,delta_I,lambda,sigma_mult,sigma,n,p_pre_window,p_window,p_post_window,p_no_hit,p_any_hit,p_entered_window,mean_entry_count,p_multiple_entries,median_first_hit_W_ratio,scale_half,scale_twothirds,scale_eps34
0.01,0.01,0.008,0.0,0.0,1000,0.0,0.0,0.0,1.0,0.0,1.0,1.0,0.0,,0.0,0.0,0.0
0.01,0.01,0.008,0.5,0.00447213595499958,1000,0.0,0.0,0.0,1.0,0.0,1.0,1.0,0.0,,0.5,1.1180339887498947,0.14142135623730953
0.01,0.01,0.008,1.0,0.00894427190999916,1000,0.0,0.0,0.008,0.992,0.008,1.0,1.0,0.0,0.002146433895431626,1.0,2.2360679774997894,0.28284271247461906
0.01,0.01,0.008,1.5,0.013416407864998741,1000,0.0,0.006,0.056,0.938,0.062,1.0,1.002,0.002,0.003844611902750896,1.5000000000000002,3.3541019662496843,0.4242640687119286
0.01,0.01,0.008,2.0,0.01788854381999832,1000,0.003,0.027,0.105,0.865,0.135,0.997,0.998,0.001,0.007394819634427792,2.0,4.472135954999579,0.5656854249492381
0.01,0.01,0.008,2.5,0.022360679774997897,1000,0.018,0.042,0.107,0.833,0.167,0.986,0.986,0.0,0.17017040395829244,2.5,5.590169943749473,0.7071067811865476
0.01,0.01,0.008,3.0,0.026832815729997482,1000,0.043,0.08,0.132,0.745,0.255,0.963,0.966,0.003,0.4580956839785151,3.0000000000000004,6.7082039324993685,0.8485281374238572
0.01,0.01,0.008,4.0,0.03577708763999664,1000,0.12,0.115,0.111,0.654,0.346,0.881,0.881,0.0,1.2288142032065696,4.0,8.944271909999157,1.1313708498984762
0.01,0.01,0.008,5.0,0.044721359549995794,1000,0.213,0.124,0.097,0.566,0.434,0.789,0.792,0.003,1.9405692843469327,5.0,11.180339887498945,1.4142135623730951
0.01,0.01,0.008,6.5,0.05813776741499453,1000,0.348,0.1,0.094,0.458,0.542,0.654,0.654,0.0,3.2740863673869125,6.499999999999999,14.53444185374863,1.8384776310850237
0.01,0.01,0.008,8.0,0.07155417527999328,1000,0.397,0.104,0.084,0.415,0.585,0.605,0.605,0.0,3.685685943051748,8.0,17.888543819998315,2.2627416997969525
0.01,0.02,0.016,0.0,0.0,1000,0.0,0.0,0.0,1.0,0.0,1.0,1.0,0.0,,0.0,0.0,0.0
0.01,0.02,0.016,0.5,0.006324555320336759,1000,0.0,0.0,0.002,0.998,0.002,1.0,1.0,0.0,0.0021340200272459506,0.5,0.9960550474146117,0.2
0.01,0.02,0.016,1.0,0.012649110640673518,1000,0.0,0.0,0.05,0.95,0.05,1.0,1.0,0.0,0.0016334795354415702,1.0,1.9921100948292234,0.4
0.01,0.02,0.016,1.5,0.01897366596101028,1000,0.0,0.016,0.123,0.861,0.139,1.0,1.0,0.0,0.0028210992380492206,1.5000000000000002,2.988165142243836,0.6000000000000001
0.01,0.02,0.016,2.0,0.025298221281347035,1000,0.007,0.051,0.154,0.788,0.212,0.993,0.995,0.002,0.06595740925736843,2.0,3.984220189658447,0.8
0.01,0.02,0.016,2.5,0.03162277660168379,1000,0.026,0.083,0.188,0.703,0.297,0.976,0.979,0.003,0.16229465523244427,2.5,4.980275237073058,1.0
0.01,0.02,0.016,3.0,0.03794733192202056,1000,0.06,0.127,0.154,0.659,0.341,0.943,0.945,0.002,0.6478217059043697,3.0000000000000004,5.976330284487672,1.2000000000000002
0.01,0.02,0.016,4.0,0.05059644256269407,1000,0.171,0.156,0.17,0.503,0.497,0.83,0.831,0.001,1.1583244625236235,4.0,7.968440379316894,1.6
0.01,0.02,0.016,5.0,0.06324555320336758,1000,0.281,0.177,0.13,0.412,0.588,0.72,0.721,0.001,1.8505821115012826,5.0,9.960550474146116,2.0
0.01,0.02,0.016,6.5,0.08221921916437785,1000,0.417,0.137,0.109,0.337,0.663,0.584,0.584,0.0,3.000329432153164,6.499999999999999,12.94871561638995,2.6
0.01,0.02,0.016,8.0,0.10119288512538814,1000,0.527,0.121,0.083,0.269,0.731,0.473,0.473,0.0,3.7331152063060165,8.0,15.936880758633787,3.2
0.01,0.04,0.032,0.0,0.0,1000,0.0,0.0,0.0,1.0,0.0,1.0,1.0,0.0,,0.0,0.0,0.0
0.01,0.04,0.032,0.5,0.00894427190999916,1000,0.0,0.0,0.026,0.974,0.026,1.0,1.0,0.0,0.0015248247861926604,0.5,0.8873841649388925,0.28284271247461906
0.01,0.04,0.032,1.0,0.01788854381999832,1000,0.0,0.004,0.133,0.863,0.137,1.0,1.0,0.0,0.002476045745262146,1.0,1.774768329877785,0.5656854249492381
0.01,0.04,0.032,1.5,0.026832815729997482,1000,0.001,0.032,0.194,0.773,0.227,1.0,1.0,0.0,0.004007293235550711,1.5000000000000002,2.6621524948166777,0.8485281374238572
0.01,0.04,0.032,2.0,0.03577708763999664,1000,0.016,0.099,0.21,0.675,0.325,0.984,0.986,0.002,0.1906926741490103,2.0,3.54953665975557,1.1313708498984762
0.01,0.04,0.032,2.5,0.044721359549995794,1000,0.051,0.158,0.203,0.588,0.412,0.949,0.95,0.001,0.521186319405851,2.5,4.436920824694462,1.4142135623730951
0.01,0.04,0.032,3.0,0.053665631459994964,1000,0.104,0.186,0.203,0.507,0.493,0.896,0.896,0.0,0.7735120215314601,3.0000000000000004,5.324304989633355,1.6970562748477145
0.01,0.04,0.032,4.0,0.07155417527999328,1000,0.247,0.22,0.165,0.368,0.632,0.753,0.753,0.0,1.4540352486312917,4.0,7.09907331951114,2.2627416997969525
0.01,0.04,0.032,5.0,0.08944271909999159,1000,0.386,0.192,0.137,0.285,0.715,0.614,0.614,0.0,2.2353110811460604,5.0,8.873841649388924,2.8284271247461903
0.01,0.04,0.032,6.5,0.11627553482998906,1000,0.559,0.153,0.103,0.185,0.815,0.441,0.441,0.0,3.6749239600691417,6.499999999999999,11.5359941442056,3.6769552621700474
0.01,0.04,0.032,8.0,0.14310835055998655,1000,0.664,0.132,0.066,0.138,0.862,0.336,0.336,0.0,4.442504554778116,8.0,14.19814663902228,4.525483399593905
0.02,0.01,0.008,0.0,0.0,1000,0.0,0.0,0.0,1.0,0.0,1.0,1.0,0.0,,0.0,0.0,0.0
0.02,0.01,0.008,0.5,0.006324555320336759,1000,0.0,0.0,0.0,1.0,0.0,1.0,1.0,0.0,,0.5,1.1180339887498947,0.11892071150027211
0.02,0.01,0.008,1.0,0.012649110640673518,1000,0.0,0.0,0.006,0.994,0.006,1.0,1.0,0.0,0.00157007686371163,1.0,2.2360679774997894,0.23784142300054423
0.02,0.01,0.008,1.5,0.018973665961010275,1000,0.0,0.002,0.031,0.967,0.033,1.0,1.0,0.0,0.0028767961762577073,1.5,3.354101966249684,0.35676213450081634
0.02,0.01,0.008,2.0,0.025298221281347035,1000,0.002,0.013,0.061,0.924,0.076,1.0,1.0,0.0,0.004805914183355537,2.0,4.472135954999579,0.47568284600108846
0.02,0.01,0.008,2.5,0.03162277660168379,1000,0.011,0.032,0.081,0.876,0.124,0.99,0.99,0.0,0.19869019839245128,2.5,5.590169943749473,0.5946035575013605
0.02,0.01,0.008,3.0,0.03794733192202055,1000,0.03,0.048,0.085,0.837,0.163,0.976,0.982,0.006,0.4525836245562832,3.0,6.708203932499368,0.7135242690016327
0.02,0.01,0.008,4.0,0.05059644256269407,1000,0.099,0.076,0.115,0.71,0.29,0.905,0.907,0.002,0.8965152243590815,4.0,8.944271909999157,0.9513656920021769
0.02,0.01,0.008,5.0,0.06324555320336758,1000,0.153,0.095,0.101,0.651,0.349,0.849,0.851,0.001,1.5477723004675683,5.0,11.180339887498945,1.189207115002721
0.02,0.01,0.008,6.5,0.08221921916437785,1000,0.273,0.103,0.087,0.537,0.463,0.729,0.729,0.0,2.5093856915260164,6.499999999999999,14.53444185374863,1.5459692495035373
0.02,0.01,0.008,8.0,0.10119288512538814,1000,0.385,0.103,0.081,0.431,0.569,0.616,0.617,0.001,3.426895815458395,8.0,17.888543819998315,1.9027313840043538
0.02,0.02,0.016,0.0,0.0,1000,0.0,0.0,0.0,1.0,0.0,1.0,1.0,0.0,,0.0,0.0,0.0
0.02,0.02,0.016,0.5,0.008944271909999158,1000,0.0,0.0,0.001,0.999,0.001,1.0,1.0,0.0,0.0004895443406776363,0.5,0.9960550474146117,0.1681792830507429
0.02,0.02,0.016,1.0,0.017888543819998316,1000,0.0,0.0,0.042,0.958,0.042,1.0,1.0,0.0,0.0009007810743712928,1.0,1.9921100948292234,0.3363585661014858
0.02,0.02,0.016,1.5,0.026832815729997475,1000,0.0,0.013,0.096,0.891,0.109,1.0,1.003,0.002,0.0019763135679148705,1.5,2.9881651422438353,0.5045378491522288
0.02,0.02,0.016,2.0,0.03577708763999663,1000,0.001,0.032,0.139,0.828,0.172,1.0,1.0,0.0,0.004492529867648099,2.0,3.984220189658447,0.6727171322029716
0.02,0.02,0.016,2.5,0.04472135954999579,1000,0.023,0.068,0.147,0.762,0.238,0.979,0.983,0.002,0.24160032950770577,2.5,4.980275237073058,0.8408964152537145
0.02,0.02,0.016,3.0,0.05366563145999495,1000,0.049,0.084,0.155,0.712,0.288,0.952,0.954,0.002,0.3788069673729231,3.0,5.976330284487671,1.0090756983044575
0.02,0.02,0.016,4.0,0.07155417527999326,1000,0.144,0.141,0.129,0.586,0.414,0.857,0.859,0.002,1.2319281923520295,4.0,7.968440379316894,1.3454342644059432
0.02,0.02,0.016,5.0,0.08944271909999157,1000,0.228,0.151,0.125,0.496,0.504,0.773,0.774,0.001,1.7190015499237936,5.0,9.960550474146116,1.681792830507429
0.02,0.02,0.016,6.5,0.11627553482998905,1000,0.384,0.137,0.097,0.382,0.618,0.618,0.619,0.001,2.894517780336219,6.5,12.948715616389952,2.1863306796596578
0.02,0.02,0.016,8.0,0.14310835055998652,1000,0.448,0.127,0.098,0.327,0.673,0.555,0.557,0.002,3.3239283200079703,8.0,15.936880758633787,2.6908685288118863
0.02,0.04,0.032,0.0,0.0,1000,0.0,0.0,0.0,1.0,0.0,1.0,1.0,0.0,,0.0,0.0,0.0
0.02,0.04,0.032,0.5,0.012649110640673518,1000,0.0,0.0,0.005,0.995,0.005,1.0,1.0,0.0,0.0010861057830740257,0.5,0.8873841649388925,0.23784142300054423
0.02,0.04,0.032,1.0,0.025298221281347035,1000,0.0,0.0,0.097,0.903,0.097,1.0,1.0,0.0,0.001258296874635262,1.0,1.774768329877785,0.47568284600108846
0.02,0.04,0.032,1.5,0.03794733192202055,1000,0.002,0.025,0.179,0.794,0.206,0.999,0.999,0.0,0.0027259623928214648,1.5,2.6621524948166773,0.7135242690016327
0.02,0.04,0.032,2.0,0.05059644256269407,1000,0.006,0.075,0.194,0.725,0.275,0.994,0.996,0.001,0.1101147277940577,2.0,3.54953665975557,0.9513656920021769
0.02,0.04,0.032,2.5,0.06324555320336758,1000,0.035,0.117,0.199,0.649,0.351,0.967,0.968,0.001,0.3483007224076581,2.5,4.436920824694462,1.189207115002721
0.02,0.04,0.032,3.0,0.0758946638440411,1000,0.059,0.15,0.195,0.596,0.404,0.942,0.944,0.002,0.5119885226327758,3.0,5.3243049896333545,1.4270485380032654
0.02,0.04,0.032,4.0,0.10119288512538814,1000,0.202,0.196,0.152,0.45,0.55,0.798,0.8,0.002,1.3558262292763108,4.0,7.09907331951114,1.9027313840043538
0.02,0.04,0.032,5.0,0.12649110640673517,1000,0.353,0.163,0.129,0.355,0.645,0.647,0.648,0.001,2.3280258174278377,5.0,8.873841649388924,2.378414230005442
0.02,0.04,0.032,6.5,0.1644384383287557,1000,0.503,0.152,0.1,0.245,0.755,0.498,0.498,0.0,3.2090129671161516,6.499999999999999,11.5359941442056,3.0919384990070746
0.02,0.04,0.032,8.0,0.20238577025077628,1000,0.617,0.109,0.075,0.199,0.801,0.383,0.383,0.0,4.208749076681838,8.0,14.19814663902228,3.8054627680087076
0.04,0.01,0.008,0.0,0.0,1000,0.0,0.0,0.0,1.0,0.0,1.0,1.0,0.0,,0.0,0.0,0.0
0.04,0.01,0.008,0.5,0.00894427190999916,1000,0.0,0.0,0.0,1.0,0.0,1.0,1.0,0.0,,0.5,1.1180339887498947,0.1
0.04,0.01,0.008,1.0,0.01788854381999832,1000,0.0,0.0,0.001,0.999,0.001,1.0,1.0,0.0,0.12060128794017043,1.0,2.2360679774997894,0.2
0.04,0.01,0.008,1.5,0.026832815729997482,1000,0.001,0.0,0.011,0.988,0.012,1.0,1.0,0.0,0.0013088324895495832,1.5000000000000002,3.3541019662496843,0.30000000000000004
0.04,0.01,0.008,2.0,0.03577708763999664,1000,0.0,0.009,0.049,0.942,0.058,1.0,1.001,0.001,0.0019461772457131893,2.0,4.472135954999579,0.4
0.04,0.01,0.008,2.5,0.044721359549995794,1000,0.008,0.027,0.077,0.888,0.112,0.996,0.996,0.0,0.041302836242480594,2.5,5.590169943749473,0.5
0.04,0.01,0.008,3.0,0.053665631459994964,1000,0.026,0.036,0.091,0.847,0.153,0.977,0.978,0.001,0.27129819075402856,3.0000000000000004,6.7082039324993685,0.6000000000000001
0.04,0.01,0.008,4.0,0.07155417527999328,1000,0.068,0.075,0.089,0.768,0.232,0.935,0.935,0.0,0.9347629076864359,4.0,8.944271909999157,0.8
0.04,0.01,0.008,5.0,0.08944271909999159,1000,0.131,0.081,0.082,0.706,0.294,0.87,0.872,0.002,1.4606445851548724,5.0,11.180339887498945,1.0
0.04,0.01,0.008,6.5,0.11627553482998906,1000,0.228,0.09,0.071,0.611,0.389,0.774,0.774,0.0,2.829839106185706,6.499999999999999,14.53444185374863,1.3
0.04,0.01,0.008,8.0,0.14310835055998655,1000,0.311,0.096,0.064,0.529,0.471,0.693,0.694,0.001,3.44071311162462,8.0,17.888543819998315,1.6
0.04,0.02,0.016,0.0,0.0,1000,0.0,0.0,0.0,1.0,0.0,1.0,1.0,0.0,,0.0,0.0,0.0
0.04,0.02,0.016,0.5,0.012649110640673518,1000,0.0,0.0,0.0,1.0,0.0,1.0,1.0,0.0,,0.5,0.9960550474146117,0.1414213562373095
0.04,0.02,0.016,1.0,0.025298221281347035,1000,0.0,0.0,0.013,0.987,0.013,1.0,1.0,0.0,0.0006048761786418836,1.0,1.9921100948292234,0.282842712474619
0.04,0.02,0.016,1.5,0.03794733192202056,1000,0.0,0.006,0.059,0.935,0.065,1.0,1.002,0.001,0.0013000455369671009,1.5000000000000002,2.988165142243836,0.42426406871192857
0.04,0.02,0.016,2.0,0.05059644256269407,1000,0.002,0.027,0.091,0.88,0.12,0.998,1.001,0.003,0.002936555455459947,2.0,3.984220189658447,0.565685424949238
0.04,0.02,0.016,2.5,0.06324555320336758,1000,0.026,0.05,0.119,0.805,0.195,0.975,0.977,0.002,0.20368346531037032,2.5,4.980275237073058,0.7071067811865475
0.04,0.02,0.016,3.0,0.07589466384404112,1000,0.039,0.081,0.117,0.763,0.237,0.963,0.964,0.001,0.5153571459992832,3.0000000000000004,5.976330284487672,0.8485281374238571
0.04,0.02,0.016,4.0,0.10119288512538814,1000,0.098,0.107,0.133,0.662,0.338,0.903,0.903,0.0,0.9237127576027804,4.0,7.968440379316894,1.131370849898476
0.04,0.02,0.016,5.0,0.12649110640673517,1000,0.192,0.117,0.118,0.573,0.427,0.808,0.809,0.001,1.7079108898090882,5.0,9.960550474146116,1.414213562373095
0.04,0.02,0.016,6.5,0.1644384383287557,1000,0.311,0.108,0.103,0.478,0.522,0.69,0.69,0.0,2.6726051194223057,6.499999999999999,12.94871561638995,1.8384776310850233
0.04,0.02,0.016,8.0,0.20238577025077628,1000,0.431,0.108,0.082,0.379,0.621,0.57,0.57,0.0,3.6806012709516778,8.0,15.936880758633787,2.262741699796952
0.04,0.04,0.032,0.0,0.0,1000,0.0,0.0,0.0,1.0,0.0,1.0,1.0,0.0,,0.0,0.0,0.0
0.04,0.04,0.032,0.5,0.01788854381999832,1000,0.0,0.0,0.004,0.996,0.004,1.0,1.0,0.0,0.00017971716346438957,0.5,0.8873841649388925,0.2
0.04,0.04,0.032,1.0,0.03577708763999664,1000,0.0,0.0,0.064,0.936,0.064,1.0,1.0,0.0,0.0008322360926986882,1.0,1.774768329877785,0.4
0.04,0.04,0.032,1.5,0.053665631459994964,1000,0.0,0.017,0.132,0.851,0.149,1.0,1.001,0.001,0.0014299649066141006,1.5000000000000002,2.6621524948166777,0.6000000000000001
0.04,0.04,0.032,2.0,0.07155417527999328,1000,0.007,0.052,0.163,0.778,0.222,0.993,0.993,0.0,0.0037167799793875263,2.0,3.54953665975557,0.8
0.04,0.04,0.032,2.5,0.08944271909999159,1000,0.025,0.082,0.178,0.715,0.285,0.975,0.975,0.0,0.21953110232929887,2.5,4.436920824694462,1.0
0.04,0.04,0.032,3.0,0.10733126291998993,1000,0.07,0.136,0.186,0.608,0.392,0.93,0.93,0.0,0.564706547669682,3.0000000000000004,5.324304989633355,1.2000000000000002
0.04,0.04,0.032,4.0,0.14310835055998655,1000,0.178,0.158,0.164,0.5,0.5,0.822,0.823,0.001,1.2234072873545419,4.0,7.09907331951114,1.6
0.04,0.04,0.032,5.0,0.17888543819998318,1000,0.285,0.171,0.14,0.404,0.596,0.719,0.719,0.0,1.9171829928653552,5.0,8.873841649388924,2.0
0.04,0.04,0.032,6.5,0.23255106965997813,1000,0.453,0.137,0.101,0.309,0.691,0.548,0.551,0.001,3.0108225957157906,6.499999999999999,11.5359941442056,2.6
0.04,0.04,0.032,8.0,0.2862167011199731,1000,0.541,0.112,0.099,0.248,0.752,0.46,0.46,0.0,3.9981775834499205,8.0,14.19814663902228,3.2
0.08,0.01,0.008,0.0,0.0,1000,0.0,0.0,0.0,1.0,0.0,1.0,1.0,0.0,,0.0,0.0,0.0
0.08,0.01,0.008,0.5,0.012649110640673518,1000,0.0,0.0,0.0,1.0,0.0,1.0,1.0,0.0,,0.5,1.1180339887498947,0.08408964152537146
0.08,0.01,0.008,1.0,0.025298221281347035,1000,0.0,0.0,0.001,0.999,0.001,1.0,1.0,0.0,0.0009860240100587486,1.0,2.2360679774997894,0.16817928305074292
0.08,0.01,0.008,1.5,0.03794733192202055,1000,0.0,0.0,0.008,0.992,0.008,1.0,1.0,0.0,0.0005524091275738384,1.5,3.354101966249684,0.2522689245761144
0.08,0.01,0.008,2.0,0.05059644256269407,1000,0.001,0.004,0.019,0.976,0.024,0.999,0.999,0.0,0.0015297370086401483,2.0,4.472135954999579,0.33635856610148585
0.08,0.01,0.008,2.5,0.06324555320336758,1000,0.002,0.005,0.037,0.956,0.044,0.999,0.999,0.0,0.002802441186383485,2.5,5.590169943749473,0.42044820762685725
0.08,0.01,0.008,3.0,0.0758946638440411,1000,0.015,0.036,0.061,0.888,0.112,0.987,0.995,0.007,0.36050748280900846,3.0,6.708203932499368,0.5045378491522288
0.08,0.01,0.008,4.0,0.10119288512538814,1000,0.049,0.054,0.068,0.829,0.171,0.956,0.96,0.004,0.8816488290654819,4.0,8.944271909999157,0.6727171322029717
0.08,0.01,0.008,5.0,0.12649110640673517,1000,0.111,0.077,0.081,0.731,0.269,0.894,0.899,0.005,1.5727544301851515,5.0,11.180339887498945,0.8408964152537145
0.08,0.01,0.008,6.5,0.1644384383287557,1000,0.207,0.079,0.071,0.643,0.357,0.797,0.798,0.001,2.754890116142872,6.499999999999999,14.53444185374863,1.0931653398298289
0.08,0.01,0.008,8.0,0.20238577025077628,1000,0.272,0.093,0.075,0.56,0.44,0.728,0.729,0.001,3.05981833241794,8.0,17.888543819998315,1.3454342644059434
0.08,0.02,0.016,0.0,0.0,1000,0.0,0.0,0.0,1.0,0.0,1.0,1.0,0.0,,0.0,0.0,0.0
0.08,0.02,0.016,0.5,0.017888543819998316,1000,0.0,0.0,0.0,1.0,0.0,1.0,1.0,0.0,,0.5,0.9960550474146117,0.1189207115002721
0.08,0.02,0.016,1.0,0.03577708763999663,1000,0.0,0.0,0.004,0.996,0.004,1.0,1.0,0.0,0.0002849456994844472,1.0,1.9921100948292234,0.2378414230005442
0.08,0.02,0.016,1.5,0.05366563145999495,1000,0.0,0.005,0.032,0.963,0.037,1.0,1.0,0.0,0.001444145391098128,1.5,2.9881651422438353,0.35676213450081634
0.08,0.02,0.016,2.0,0.07155417527999326,1000,0.001,0.018,0.069,0.912,0.088,0.999,0.999,0.0,0.0017116905594666571,2.0,3.984220189658447,0.4756828460010884
0.08,0.02,0.016,2.5,0.08944271909999157,1000,0.018,0.041,0.089,0.852,0.148,0.983,0.986,0.003,0.21737711443636953,2.5,4.980275237073058,0.5946035575013605
0.08,0.02,0.016,3.0,0.1073312629199899,1000,0.021,0.06,0.122,0.797,0.203,0.98,0.98,0.0,0.28256157586355773,3.0,5.976330284487671,0.7135242690016327
0.08,0.02,0.016,4.0,0.14310835055998652,1000,0.086,0.088,0.104,0.722,0.278,0.917,0.918,0.001,0.9696564385490818,4.0,7.968440379316894,0.9513656920021768
0.08,0.02,0.016,5.0,0.17888543819998315,1000,0.165,0.115,0.099,0.621,0.379,0.838,0.839,0.001,1.6375792873434671,5.0,9.960550474146116,1.189207115002721
0.08,0.02,0.016,6.5,0.2325510696599781,1000,0.275,0.112,0.108,0.505,0.495,0.728,0.729,0.001,2.429490742388556,6.5,12.948715616389952,1.5459692495035373
0.08,0.02,0.016,8.0,0.28621670111997305,1000,0.358,0.111,0.092,0.439,0.561,0.643,0.644,0.001,3.262822701415469,8.0,15.936880758633787,1.9027313840043536
0.08,0.04,0.032,0.0,0.0,1000,0.0,0.0,0.0,1.0,0.0,1.0,1.0,0.0,,0.0,0.0,0.0
0.08,0.04,0.032,0.5,0.025298221281347035,1000,0.0,0.0,0.001,0.999,0.001,1.0,1.0,0.0,0.0005880256508220299,0.5,0.8873841649388925,0.16817928305074292
0.08,0.04,0.032,1.0,0.05059644256269407,1000,0.0,0.0,0.028,0.972,0.028,1.0,1.0,0.0,0.0006635256283837995,1.0,1.774768329877785,0.33635856610148585
0.08,0.04,0.032,1.5,0.0758946638440411,1000,0.0,0.01,0.109,0.881,0.119,1.0,1.0,0.0,0.001116556886078725,1.5,2.6621524948166773,0.5045378491522288
0.08,0.04,0.032,2.0,0.10119288512538814,1000,0.004,0.041,0.137,0.818,0.182,0.996,0.996,0.0,0.01564004381789571,2.0,3.54953665975557,0.6727171322029717
0.08,0.04,0.032,2.5,0.12649110640673517,1000,0.017,0.07,0.16,0.753,0.247,0.983,0.983,0.0,0.2420670451205697,2.5,4.436920824694462,0.8408964152537145
0.08,0.04,0.032,3.0,0.1517893276880822,1000,0.055,0.112,0.169,0.664,0.336,0.946,0.946,0.0,0.48084788789400473,3.0,5.3243049896333545,1.0090756983044575
0.08,0.04,0.032,4.0,0.20238577025077628,1000,0.146,0.148,0.143,0.563,0.437,0.855,0.855,0.0,1.0532662207412093,4.0,7.09907331951114,1.3454342644059434
0.08,0.04,0.032,5.0,0.25298221281347033,1000,0.225,0.154,0.143,0.478,0.522,0.775,0.776,0.001,1.6867594022855446,5.0,8.873841649388924,1.681792830507429
0.08,0.04,0.032,6.5,0.3288768766575114,1000,0.374,0.142,0.1,0.384,0.616,0.627,0.627,0.0,2.7357570920878294,6.499999999999999,11.5359941442056,2.1863306796596578
0.08,0.04,0.032,8.0,0.40477154050155256,1000,0.454,0.132,0.093,0.321,0.679,0.547,0.549,0.002,3.592960518220063,8.0,14.19814663902228,2.6908685288118868
