lambda,eta,hit_prob,n,W_star,requested_W_lo,requested_W_hi,effective_W_lo,effective_W_hi,window_clipped,skipped
0.004,0.0,0.0,2000,0.02519842099789747,0.012599210498948734,0.05039684199579494,0.012599210498948734,0.05039684199579494,False,False
0.004,0.02,0.0,2000,0.02519842099789747,0.012599210498948734,0.05039684199579494,0.012599210498948734,0.05039684199579494,False,False
0.004,0.035,0.0,2000,0.02519842099789747,0.012599210498948734,0.05039684199579494,0.012599210498948734,0.05039684199579494,False,False
0.004,0.05,0.0035,2000,0.02519842099789747,0.012599210498948734,0.05039684199579494,0.012599210498948734,0.05039684199579494,False,False
0.004,0.07,0.0555,2000,0.02519842099789747,0.012599210498948734,0.05039684199579494,0.012599210498948734,0.05039684199579494,False,False
0.004,0.1,0.2455,2000,0.02519842099789747,0.012599210498948734,0.05039684199579494,0.012599210498948734,0.05039684199579494,False,False
0.004,0.14,0.5345,2000,0.02519842099789747,0.012599210498948734,0.05039684199579494,0.012599210498948734,0.05039684199579494,False,False
0.004,0.2,0.8395,2000,0.02519842099789747,0.012599210498948734,0.05039684199579494,0.012599210498948734,0.05039684199579494,False,False
0.004,0.28,0.9595,2000,0.02519842099789747,0.012599210498948734,0.05039684199579494,0.012599210498948734,0.05039684199579494,False,False
0.004,0.4,0.9965,2000,0.02519842099789747,0.012599210498948734,0.05039684199579494,0.012599210498948734,0.05039684199579494,False,False
0.004,0.6,1.0,2000,0.02519842099789747,0.012599210498948734,0.05039684199579494,0.012599210498948734,0.05039684199579494,False,False
0.004,0.85,1.0,2000,0.02519842099789747,0.012599210498948734,0.05039684199579494,0.012599210498948734,0.05039684199579494,False,False
0.004,1.1,1.0,2000,0.02519842099789747,0.012599210498948734,0.05039684199579494,0.012599210498948734,0.05039684199579494,False,False
0.006,0.0,0.0,2000,0.033019272488946275,0.016509636244473137,0.06603854497789255,0.016509636244473137,0.06603854497789255,False,False
0.006,0.02,0.0,2000,0.033019272488946275,0.016509636244473137,0.06603854497789255,0.016509636244473137,0.06603854497789255,False,False
0.006,0.035,0.0,2000,0.033019272488946275,0.016509636244473137,0.06603854497789255,0.016509636244473137,0.06603854497789255,False,False
0.006,0.05,0.0015,2000,0.033019272488946275,0.016509636244473137,0.06603854497789255,0.016509636244473137,0.06603854497789255,False,False
0.006,0.07,0.01,2000,0.033019272488946275,0.016509636244473137,0.06603854497789255,0.016509636244473137,0.06603854497789255,False,False
0.006,0.1,0.105,2000,0.033019272488946275,0.016509636244473137,0.06603854497789255,0.016509636244473137,0.06603854497789255,False,False
0.006,0.14,0.3145,2000,0.033019272488946275,0.016509636244473137,0.06603854497789255,0.016509636244473137,0.06603854497789255,False,False
0.006,0.2,0.681,2000,0.033019272488946275,0.016509636244473137,0.06603854497789255,0.016509636244473137,0.06603854497789255,False,False
0.006,0.28,0.902,2000,0.033019272488946275,0.016509636244473137,0.06603854497789255,0.016509636244473137,0.06603854497789255,False,False
0.006,0.4,0.983,2000,0.033019272488946275,0.016509636244473137,0.06603854497789255,0.016509636244473137,0.06603854497789255,False,False
0.006,0.6,0.999,2000,0.033019272488946275,0.016509636244473137,0.06603854497789255,0.016509636244473137,0.06603854497789255,False,False
0.006,0.85,1.0,2000,0.033019272488946275,0.016509636244473137,0.06603854497789255,0.016509636244473137,0.06603854497789255,False,False
0.006,1.1,1.0,2000,0.033019272488946275,0.016509636244473137,0.06603854497789255,0.016509636244473137,0.06603854497789255,False,False
0.008,0.0,0.0,2000,0.04000000000000001,0.020000000000000004,0.08000000000000002,0.020000000000000004,0.08000000000000002,False,False
0.008,0.02,0.0,2000,0.04000000000000001,0.020000000000000004,0.08000000000000002,0.020000000000000004,0.08000000000000002,False,False
0.008,0.035,0.0,2000,0.04000000000000001,0.020000000000000004,0.08000000000000002,0.020000000000000004,0.08000000000000002,False,False
0.008,0.05,0.0,2000,0.04000000000000001,0.020000000000000004,0.08000000000000002,0.020000000000000004,0.08000000000000002,False,False
0.008,0.07,0.0065,2000,0.04000000000000001,0.020000000000000004,0.08000000000000002,0.020000000000000004,0.08000000000000002,False,False
0.008,0.1,0.057,2000,0.04000000000000001,0.020000000000000004,0.08000000000000002,0.020000000000000004,0.08000000000000002,False,False
0.008,0.14,0.2435,2000,0.04000000000000001,0.020000000000000004,0.08000000000000002,0.020000000000000004,0.08000000000000002,False,False
0.008,0.2,0.5435,2000,0.04000000000000001,0.020000000000000004,0.08000000000000002,0.020000000000000004,0.08000000000000002,False,False
0.008,0.28,0.8215,2000,0.04000000000000001,0.020000000000000004,0.08000000000000002,0.020000000000000004,0.08000000000000002,False,False
0.008,0.4,0.958,2000,0.04000000000000001,0.020000000000000004,0.08000000000000002,0.020000000000000004,0.08000000000000002,False,False
0.008,0.6,1.0,2000,0.04000000000000001,0.020000000000000004,0.08000000000000002,0.020000000000000004,0.08000000000000002,False,False
0.008,0.85,0.9995,2000,0.04000000000000001,0.020000000000000004,0.08000000000000002,0.020000000000000004,0.08000000000000002,False,False
0.008,1.1,1.0,2000,0.04000000000000001,0.020000000000000004,0.08000000000000002,0.020000000000000004,0.08000000000000002,False,False
0.012,0.0,0.0,2000,0.05241482788417794,0.02620741394208897,0.10482965576835589,0.02620741394208897,0.10482965576835589,False,False
0.012,0.02,0.0,2000,0.05241482788417794,0.02620741394208897,0.10482965576835589,0.02620741394208897,0.10482965576835589,False,False
0.012,0.035,0.0,2000,0.05241482788417794,0.02620741394208897,0.10482965576835589,0.02620741394208897,0.10482965576835589,False,False
0.012,0.05,0.0,2000,0.05241482788417794,0.02620741394208897,0.10482965576835589,0.02620741394208897,0.10482965576835589,False,False
0.012,0.07,0.0,2000,0.05241482788417794,0.02620741394208897,0.10482965576835589,0.02620741394208897,0.10482965576835589,False,False
0.012,0.1,0.0185,2000,0.05241482788417794,0.02620741394208897,0.10482965576835589,0.02620741394208897,0.10482965576835589,False,False
0.012,0.14,0.1175,2000,0.05241482788417794,0.02620741394208897,0.10482965576835589,0.02620741394208897,0.10482965576835589,False,False
0.012,0.2,0.371,2000,0.05241482788417794,0.02620741394208897,0.10482965576835589,0.02620741394208897,0.10482965576835589,False,False
0.012,0.28,0.6585,2000,0.05241482788417794,0.02620741394208897,0.10482965576835589,0.02620741394208897,0.10482965576835589,False,False
0.012,0.4,0.8975,2000,0.05241482788417794,0.02620741394208897,0.10482965576835589,0.02620741394208897,0.10482965576835589,False,False
0.012,0.6,0.985,2000,0.05241482788417794,0.02620741394208897,0.10482965576835589,0.02620741394208897,0.10482965576835589,False,False
0.012,0.85,0.9995,2000,0.05241482788417794,0.02620741394208897,0.10482965576835589,0.02620741394208897,0.10482965576835589,False,False
0.012,1.1,1.0,2000,0.05241482788417794,0.02620741394208897,0.10482965576835589,0.02620741394208897,0.10482965576835589,False,False
0.016,0.0,0.0,2000,0.06349604207872799,0.03174802103936399,0.12699208415745597,0.03174802103936399,0.12699208415745597,False,False
0.016,0.02,0.0,2000,0.06349604207872799,0.03174802103936399,0.12699208415745597,0.03174802103936399,0.12699208415745597,False,False
0.016,0.035,0.0,2000,0.06349604207872799,0.03174802103936399,0.12699208415745597,0.03174802103936399,0.12699208415745597,False,False
0.016,0.05,0.0,2000,0.06349604207872799,0.03174802103936399,0.12699208415745597,0.03174802103936399,0.12699208415745597,False,False
0.016,0.07,0.0,2000,0.06349604207872799,0.03174802103936399,0.12699208415745597,0.03174802103936399,0.12699208415745597,False,False
0.016,0.1,0.006,2000,0.06349604207872799,0.03174802103936399,0.12699208415745597,0.03174802103936399,0.12699208415745597,False,False
0.016,0.14,0.0605,2000,0.06349604207872799,0.03174802103936399,0.12699208415745597,0.03174802103936399,0.12699208415745597,False,False
0.016,0.2,0.248,2000,0.06349604207872799,0.03174802103936399,0.12699208415745597,0.03174802103936399,0.12699208415745597,False,False
0.016,0.28,0.53,2000,0.06349604207872799,0.03174802103936399,0.12699208415745597,0.03174802103936399,0.12699208415745597,False,False
0.016,0.4,0.8085,2000,0.06349604207872799,0.03174802103936399,0.12699208415745597,0.03174802103936399,0.12699208415745597,False,False
0.016,0.6,0.978,2000,0.06349604207872799,0.03174802103936399,0.12699208415745597,0.03174802103936399,0.12699208415745597,False,False
0.016,0.85,0.9965,2000,0.06349604207872799,0.03174802103936399,0.12699208415745597,0.03174802103936399,0.12699208415745597,False,False
0.016,1.1,1.0,2000,0.06349604207872799,0.03174802103936399,0.12699208415745597,0.03174802103936399,0.12699208415745597,False,False
0.024,0.0,0.0,2000,0.08320335292207617,0.04160167646103809,0.16640670584415235,0.04160167646103809,0.16640670584415235,False,False
0.024,0.02,0.0,2000,0.08320335292207617,0.04160167646103809,0.16640670584415235,0.04160167646103809,0.16640670584415235,False,False
0.024,0.035,0.0,2000,0.08320335292207617,0.04160167646103809,0.16640670584415235,0.04160167646103809,0.16640670584415235,False,False
0.024,0.05,0.0,2000,0.08320335292207617,0.04160167646103809,0.16640670584415235,0.04160167646103809,0.16640670584415235,False,False
0.024,0.07,0.0,2000,0.08320335292207617,0.04160167646103809,0.16640670584415235,0.04160167646103809,0.16640670584415235,False,False
0.024,0.1,0.0005,2000,0.08320335292207617,0.04160167646103809,0.16640670584415235,0.04160167646103809,0.16640670584415235,False,False
0.024,0.14,0.016,2000,0.08320335292207617,0.04160167646103809,0.16640670584415235,0.04160167646103809,0.16640670584415235,False,False
0.024,0.2,0.1185,2000,0.08320335292207617,0.04160167646103809,0.16640670584415235,0.04160167646103809,0.16640670584415235,False,False
0.024,0.28,0.3495,2000,0.08320335292207617,0.04160167646103809,0.16640670584415235,0.04160167646103809,0.16640670584415235,False,False
0.024,0.4,0.672,2000,0.08320335292207617,0.04160167646103809,0.16640670584415235,0.04160167646103809,0.16640670584415235,False,False
0.024,0.6,0.92,2000,0.08320335292207617,0.04160167646103809,0.16640670584415235,0.04160167646103809,0.16640670584415235,False,False
0.024,0.85,0.9885,2000,0.08320335292207617,0.04160167646103809,0.16640670584415235,0.04160167646103809,0.16640670584415235,False,False
0.024,1.1,0.999,2000,0.08320335292207617,0.04160167646103809,0.16640670584415235,0.04160167646103809,0.16640670584415235,False,False
0.032,0.0,0.0,2000,0.10079368399158986,0.05039684199579493,0.20158736798317972,0.05039684199579493,0.20158736798317972,False,False
0.032,0.02,0.0,2000,0.10079368399158986,0.05039684199579493,0.20158736798317972,0.05039684199579493,0.20158736798317972,False,False
0.032,0.035,0.0,2000,0.10079368399158986,0.05039684199579493,0.20158736798317972,0.05039684199579493,0.20158736798317972,False,False
0.032,0.05,0.0,2000,0.10079368399158986,0.05039684199579493,0.20158736798317972,0.05039684199579493,0.20158736798317972,False,False
0.032,0.07,0.0,2000,0.10079368399158986,0.05039684199579493,0.20158736798317972,0.05039684199579493,0.20158736798317972,False,False
0.032,0.1,0.0,2000,0.10079368399158986,0.05039684199579493,0.20158736798317972,0.05039684199579493,0.20158736798317972,False,False
0.032,0.14,0.0055,2000,0.10079368399158986,0.05039684199579493,0.20158736798317972,0.05039684199579493,0.20158736798317972,False,False
0.032,0.2,0.0555,2000,0.10079368399158986,0.05039684199579493,0.20158736798317972,0.05039684199579493,0.20158736798317972,False,False
0.032,0.28,0.2375,2000,0.10079368399158986,0.05039684199579493,0.20158736798317972,0.05039684199579493,0.20158736798317972,False,False
0.032,0.4,0.5405,2000,0.10079368399158986,0.05039684199579493,0.20158736798317972,0.05039684199579493,0.20158736798317972,False,False
0.032,0.6,0.8405,2000,0.10079368399158986,0.05039684199579493,0.20158736798317972,0.05039684199579493,0.20158736798317972,False,False
0.032,0.85,0.9775,2000,0.10079368399158986,0.05039684199579493,0.20158736798317972,0.05039684199579493,0.20158736798317972,False,False
0.032,1.1,0.997,2000,0.10079368399158986,0.05039684199579493,0.20158736798317972,0.05039684199579493,0.20158736798317972,False,False
0.048,0.0,0.0,2000,0.13207708995578507,0.06603854497789254,0.26415417991157014,0.06603854497789254,0.26415417991157014,False,False
0.048,0.02,0.0,2000,0.13207708995578507,0.06603854497789254,0.26415417991157014,0.06603854497789254,0.26415417991157014,False,False
0.048,0.035,0.0,2000,0.13207708995578507,0.06603854497789254,0.26415417991157014,0.06603854497789254,0.26415417991157014,False,False
0.048,0.05,0.0,2000,0.13207708995578507,0.06603854497789254,0.26415417991157014,0.06603854497789254,0.26415417991157014,False,False
0.048,0.07,0.0,2000,0.13207708995578507,0.06603854497789254,0.26415417991157014,0.06603854497789254,0.26415417991157014,False,False
0.048,0.1,0.0,2000,0.13207708995578507,0.06603854497789254,0.26415417991157014,0.06603854497789254,0.26415417991157014,False,False
0.048,0.14,0.0005,2000,0.13207708995578507,0.06603854497789254,0.26415417991157014,0.06603854497789254,0.26415417991157014,False,False
0.048,0.2,0.0185,2000,0.13207708995578507,0.06603854497789254,0.26415417991157014,0.06603854497789254,0.26415417991157014,False,False
0.048,0.28,0.1135,2000,0.13207708995578507,0.06603854497789254,0.26415417991157014,0.06603854497789254,0.26415417991157014,False,False
0.048,0.4,0.333,2000,0.13207708995578507,0.06603854497789254,0.26415417991157014,0.06603854497789254,0.26415417991157014,False,False
0.048,0.6,0.72,2000,0.13207708995578507,0.06603854497789254,0.26415417991157014,0.06603854497789254,0.26415417991157014,False,False
0.048,0.85,0.928,2000,0.13207708995578507,0.06603854497789254,0.26415417991157014,0.06603854497789254,0.26415417991157014,False,False
0.048,1.1,0.984,2000,0.13207708995578507,0.06603854497789254,0.26415417991157014,0.06603854497789254,0.26415417991157014,False,False
0.064,0.0,0.0,2000,0.16000000000000003,0.08000000000000002,0.32000000000000006,0.08000000000000002,0.32000000000000006,False,False
0.064,0.02,0.0,2000,0.16000000000000003,0.08000000000000002,0.32000000000000006,0.08000000000000002,0.32000000000000006,False,False
0.064,0.035,0.0,2000,0.16000000000000003,0.08000000000000002,0.32000000000000006,0.08000000000000002,0.32000000000000006,False,False
0.064,0.05,0.0,2000,0.16000000000000003,0.08000000000000002,0.32000000000000006,0.08000000000000002,0.32000000000000006,False,False
0.064,0.07,0.0,2000,0.16000000000000003,0.08000000000000002,0.32000000000000006,0.08000000000000002,0.32000000000000006,False,False
0.064,0.1,0.0,2000,0.16000000000000003,0.08000000000000002,0.32000000000000006,0.08000000000000002,0.32000000000000006,False,False
0.064,0.14,0.0,2000,0.16000000000000003,0.08000000000000002,0.32000000000000006,0.08000000000000002,0.32000000000000006,False,False
0.064,0.2,0.0045,2000,0.16000000000000003,0.08000000000000002,0.32000000000000006,0.08000000000000002,0.32000000000000006,False,False
0.064,0.28,0.0565,2000,0.16000000000000003,0.08000000000000002,0.32000000000000006,0.08000000000000002,0.32000000000000006,False,False
0.064,0.4,0.2395,2000,0.16000000000000003,0.08000000000000002,0.32000000000000006,0.08000000000000002,0.32000000000000006,False,False
0.064,0.6,0.59,2000,0.16000000000000003,0.08000000000000002,0.32000000000000006,0.08000000000000002,0.32000000000000006,False,False
0.064,0.85,0.858,2000,0.16000000000000003,0.08000000000000002,0.32000000000000006,0.08000000000000002,0.32000000000000006,False,False
0.064,1.1,0.9555,2000,0.16000000000000003,0.08000000000000002,0.32000000000000006,0.08000000000000002,0.32000000000000006,False,False
